-- --------------------------------------------------------
-- Servidor:                     127.0.0.1
-- Versão do servidor:           5.7.25 - MySQL Community Server (GPL)
-- OS do Servidor:               Win64
-- HeidiSQL Versão:              11.3.0.6295
-- --------------------------------------------------------

/*!40101 SET @OLD_CHARACTER_SET_CLIENT=@@CHARACTER_SET_CLIENT */;
/*!40101 SET NAMES utf8 */;
/*!50503 SET NAMES utf8mb4 */;
/*!40014 SET @OLD_FOREIGN_KEY_CHECKS=@@FOREIGN_KEY_CHECKS, FOREIGN_KEY_CHECKS=0 */;
/*!40101 SET @OLD_SQL_MODE=@@SQL_MODE, SQL_MODE='NO_AUTO_VALUE_ON_ZERO' */;
/*!40111 SET @OLD_SQL_NOTES=@@SQL_NOTES, SQL_NOTES=0 */;


-- Copiando estrutura do banco de dados para p-med
CREATE DATABASE IF NOT EXISTS `p-med` /*!40100 DEFAULT CHARACTER SET latin1 */;
USE `p-med`;

-- Copiando estrutura para tabela p-med.admin_log
CREATE TABLE IF NOT EXISTS `admin_log` (
  `id` int(11) NOT NULL AUTO_INCREMENT,
  `admin_user_id` int(10) NOT NULL COMMENT '用户',
  `name` varchar(30) COLLATE utf8mb4_unicode_ci NOT NULL DEFAULT '' COMMENT '操作',
  `url` varchar(100) COLLATE utf8mb4_unicode_ci NOT NULL DEFAULT '' COMMENT 'URL',
  `log_method` varchar(8) COLLATE utf8mb4_unicode_ci NOT NULL DEFAULT 'S/Reg' COMMENT '记录日志方法',
  `log_ip` varchar(20) COLLATE utf8mb4_unicode_ci NOT NULL DEFAULT '' COMMENT '操作IP',
  `create_time` int(10) NOT NULL DEFAULT '0' COMMENT '操作时间',
  `update_time` int(10) NOT NULL DEFAULT '0' COMMENT '更新时间',
  PRIMARY KEY (`id`) USING BTREE
) ENGINE=InnoDB AUTO_INCREMENT=27 DEFAULT CHARSET=utf8mb4 COLLATE=utf8mb4_unicode_ci ROW_FORMAT=COMPACT COMMENT='Registro de operações';

-- Copiando dados para a tabela p-med.admin_log: ~25 rows (aproximadamente)
/*!40000 ALTER TABLE `admin_log` DISABLE KEYS */;
INSERT INTO `admin_log` (`id`, `admin_user_id`, `name`, `url`, `log_method`, `log_ip`, `create_time`, `update_time`) VALUES
	(1, 1, 'Conecte-se', 'admin/auth/login', 'POST', '::1', 1658409366, 1658409366),
	(2, 1, 'Conecte-se', 'admin/auth/login', 'POST', '::1', 1658410436, 1658410436),
	(3, 1, 'Login', 'admin/auth/login', 'POST', '::1', 1658411247, 1658411247),
	(4, 1, 'Alt Conf Admin', 'admin/setting/update', 'POST', '::1', 1658411297, 1658411297),
	(5, 1, 'Alt Conf Admin', 'admin/setting/update', 'POST', '::1', 1658411329, 1658411329),
	(6, 1, 'Login', 'admin/auth/login', 'POST', '::1', 1658411520, 1658411520),
	(7, 1, 'Login', 'admin/auth/login', 'POST', '::1', 1658412820, 1658412820),
	(8, 1, 'Login', 'admin/auth/login', 'POST', '::1', 1658412877, 1658412877),
	(9, 1, 'Login', 'admin/auth/login', 'POST', '::1', 1658412893, 1658412893),
	(10, 1, 'Login', 'admin/auth/login', 'POST', '::1', 1658414633, 1658414633),
	(11, 1, 'Login', 'admin/auth/login', 'POST', '::1', 1658425522, 1658425522),
	(12, 1, 'Login', 'admin/auth/login', 'POST', '::1', 1658425635, 1658425635),
	(13, 1, 'Login', 'admin/auth/login', 'POST', '::1', 1658425930, 1658425930),
	(14, 1, 'Login', 'admin/auth/login', 'POST', '::1', 1658427220, 1658427220),
	(15, 1, 'Login', 'admin/auth/login', 'POST', '::1', 1658428594, 1658428594),
	(16, 1, 'Criar Menu', 'admin/admin_menu/create', 'POST', '::1', 1658428863, 1658428863),
	(17, 1, 'Alterar regra', 'admin/admin_menu/update', 'POST', '::1', 1658428932, 1658428932),
	(18, 1, 'Alterar regra', 'admin/admin_menu/update', 'POST', '::1', 1658428936, 1658428936),
	(19, 1, 'Alterar regra', 'admin/admin_menu/update', 'POST', '::1', 1658428951, 1658428951),
	(20, 1, 'Login', 'admin/auth/login', 'POST', '::1', 1658429262, 1658429262),
	(21, 1, 'Login', 'admin/auth/login', 'POST', '::1', 1658429398, 1658429398),
	(22, 1, 'Login', 'admin/auth/login', 'POST', '::1', 1658429568, 1658429568),
	(23, 1, 'Login', 'admin/auth/login', 'POST', '::1', 1658430327, 1658430327),
	(24, 1, 'Login', 'admin/auth/login', 'POST', '::1', 1658430611, 1658430611),
	(25, 1, 'Login', 'admin/auth/login', 'POST', '::1', 1658431252, 1658431252),
	(26, 1, 'Login', 'admin/auth/login', 'POST', '::1', 1658432751, 1658432751);
/*!40000 ALTER TABLE `admin_log` ENABLE KEYS */;

-- Copiando estrutura para tabela p-med.admin_log_data
CREATE TABLE IF NOT EXISTS `admin_log_data` (
  `id` int(11) NOT NULL AUTO_INCREMENT,
  `admin_log_id` int(11) NOT NULL COMMENT '日志ID',
  `data` text COLLATE utf8mb4_unicode_ci NOT NULL COMMENT '日志内容',
  PRIMARY KEY (`id`) USING BTREE
) ENGINE=InnoDB AUTO_INCREMENT=27 DEFAULT CHARSET=utf8mb4 COLLATE=utf8mb4_unicode_ci ROW_FORMAT=COMPACT COMMENT='Registro de operações';

-- Copiando dados para a tabela p-med.admin_log_data: ~25 rows (aproximadamente)
/*!40000 ALTER TABLE `admin_log_data` DISABLE KEYS */;
INSERT INTO `admin_log_data` (`id`, `admin_log_id`, `data`) VALUES
	(1, 1, 'IBQymUXS5Z9b1u/WH+K++91VwEBjhNG+GIA6lsvxy/fDTp79zRSxu0MtDsy2gYXlohf5PCE9ILf1758o5fSAQxRQJ43jPiA5qCijqVcKoHo/yyqfMz5OjJ5f5zQMP8gbFv6t074MTDF1Ym/3I0h5DQ=='),
	(2, 2, 'IBQymUXS5Z9b1u/WH+K++91VwEBjhNG+GIA6lsvxy/fDTp79zRSxu0MtDsy2gYXlohf5PCE9ILf1758o5fSAQxRQJ43jPiA5qCijqVcKoHo/yyqfMz5OjJ5f5zQMP8gbFv6t074MTDF1Ym/3I0h5DQ=='),
	(3, 3, 'IBQymUXS5Z9b1u/WH+K++91VwEBjhNG+GIA6lsvxy/fDTp79zRSxu0MtDsy2gYXlohf5PCE9ILf1758o5fSAQxRQJ43jPiA5qCijqVcKoHo/yyqfMz5OjJ5f5zQMP8gbFv6t074MTDF1Ym/3I0h5DQ=='),
	(4, 4, 'To/7lxO5+WWNkdLJDtFff9pEeR4q3hfk3CJH0fWVyIphw0IuEN8lpHdoisZMuAnuH3IT7INTkFPMf9GuP2frbgf4wgyMe6tH8NfUDuNAoZlrSdGUl4k/qL4L4UGt4x6oL7NolHEt+86ea/GOuBM/PAnlRFpkKpl64A9069xCQwLFkNhxwP4aBzBD9xVE50fO'),
	(5, 5, 'TCi+QSH3v6cWpdaY+iUCKm9LgVEk2/DzgBxG7eI4e1BAPs7OTl4BbGVjAauU1AzqctMzJ2CXLDucF49Ds9zP8dxi30/6ZpWYNtxoBYQeudvlkTkwqdDOpX9aoDgNVAh/ei91cbN7rp00AAw+WEwRWT7UZOB2S9TI+ZVKeRVwQXNEPlZuGE2fpM5BVUHrd7+XfjgaSbDLFC0cVxLQs2L3Nw=='),
	(6, 6, 'IBQymUXS5Z9b1u/WH+K++91VwEBjhNG+GIA6lsvxy/fDTp79zRSxu0MtDsy2gYXlohf5PCE9ILf1758o5fSAQxRQJ43jPiA5qCijqVcKoHo/yyqfMz5OjJ5f5zQMP8gbFv6t074MTDF1Ym/3I0h5DQ=='),
	(7, 7, '6IHDl2vVKZ80+NHkY9WlMbLQ1XzYDkLeGG3C6Yz5BRon6Z+okp0UyTqd5PUrRvhuN2XpXvE+15CoObKq3dlhOxO8Hje98N8yyNw7CVa7HoTbMPkINzQkfLvihDUCg3X0MTMXNo5ILyRGMxnk5lF6fQ=='),
	(8, 8, '6IHDl2vVKZ80+NHkY9WlMbLQ1XzYDkLeGG3C6Yz5BRon6Z+okp0UyTqd5PUrRvhuN2XpXvE+15CoObKq3dlhOxO8Hje98N8yyNw7CVa7HoTbMPkINzQkfLvihDUCg3X0MTMXNo5ILyRGMxnk5lF6fQ=='),
	(9, 9, '6IHDl2vVKZ80+NHkY9WlMbLQ1XzYDkLeGG3C6Yz5BRon6Z+okp0UyTqd5PUrRvhuN2XpXvE+15CoObKq3dlhOxO8Hje98N8yyNw7CVa7HoTbMPkINzQkfLvihDUCg3X0MTMXNo5ILyRGMxnk5lF6fQ=='),
	(10, 10, '6IHDl2vVKZ80+NHkY9WlMbLQ1XzYDkLeGG3C6Yz5BRon6Z+okp0UyTqd5PUrRvhuN2XpXvE+15CoObKq3dlhOxO8Hje98N8yyNw7CVa7HoTbMPkINzQkfLvihDUCg3X0MTMXNo5ILyRGMxnk5lF6fQ=='),
	(11, 11, 'cBgHAV5CiZIxqZV6AG5A9nyF4b+wlT7LUFsMvI5pyv2Y5u6LHEeIAP0CUQCnrvrEHAgtkjqddL2bz89X4ttSdQsp5cgmYrj0NnS1Wz4gTtZ3qdSS47mYo0PvNWkoXPNYDEgqEQ1uAV6OjtJ9fjHpYg=='),
	(12, 12, 'cBgHAV5CiZIxqZV6AG5A9nyF4b+wlT7LUFsMvI5pyv2Y5u6LHEeIAP0CUQCnrvrEHAgtkjqddL2bz89X4ttSdQsp5cgmYrj0NnS1Wz4gTtZ3qdSS47mYo0PvNWkoXPNYDEgqEQ1uAV6OjtJ9fjHpYg=='),
	(13, 13, 'cBgHAV5CiZIxqZV6AG5A9nyF4b+wlT7LUFsMvI5pyv2Y5u6LHEeIAP0CUQCnrvrEHAgtkjqddL2bz89X4ttSdQsp5cgmYrj0NnS1Wz4gTtZ3qdSS47mYo0PvNWkoXPNYDEgqEQ1uAV6OjtJ9fjHpYg=='),
	(14, 14, 'cBgHAV5CiZIxqZV6AG5A9nyF4b+wlT7LUFsMvI5pyv2Y5u6LHEeIAP0CUQCnrvrEHAgtkjqddL2bz89X4ttSdQsp5cgmYrj0NnS1Wz4gTtZ3qdSS47mYo0PvNWkoXPNYDEgqEQ1uAV6OjtJ9fjHpYg=='),
	(15, 15, 'cBgHAV5CiZIxqZV6AG5A9nyF4b+wlT7LUFsMvI5pyv2Y5u6LHEeIAP0CUQCnrvrEHAgtkjqddL2bz89X4ttSdQsp5cgmYrj0NnS1Wz4gTtZ3qdSS47mYo0PvNWkoXPNYDEgqEQ1uAV6OjtJ9fjHpYg=='),
	(16, 16, 'gyqAyZ4J8TE+qbDyMOSnKBEAhAjNKBrVypYCUMPMtpbCjr4XDHPwxr+Zz1WOWPeGgU7p/AkwGrsbxTenDNN1OZDvgKKwwD29RhVjRfYkxlXqFXWYnZ/8HHOhhXysLLGJb7CDDAcJ4y/ZuFDqkiYVlfe0T7kF1gVy/CZfp9HDynY2RzwincNAvCUQwaNfeKUKfJ3R9ZN2dnpAY2v4868TQwOPwyh+jQCRXohf+Cy08KIeG4EksH5jU2ZIhTzUpsetmq5Pt+/X/g/EHJJb9L5Ac9WDgOCuQrYX1pSlBGUfvNk='),
	(17, 17, 'QZZBelFmJonxb1ARi+CWdgJI5aFj93F5EL5KnIz4WTTLothFjqMOdajt6lLH68e6C6W4JAsSGUwOMXdncrVlj6ONjiVB1ye/1kKbAKY6N358fD6aPY+5RhtfFnnb3iWR1a3OlHsCXivY5abBZ97khKbuyrqd6RFpavGKTYicnpzRdX64eACfQwpxKZICMPMzrkcijGhNiWBjW+HHNUkL29nx33tGJTaQrUPmmdycigzdKQLry4FKZVGlHJObIv7JxUJJS5ocMhCBoucqyhW1q7UMVW3Klg1qsNVKoWDWPD0='),
	(18, 18, 'QZZBelFmJonxb1ARi+CWdgJI5aFj93F5EL5KnIz4WTTLothFjqMOdajt6lLH68e6C6W4JAsSGUwOMXdncrVlj6ONjiVB1ye/1kKbAKY6N358fD6aPY+5RhtfFnnb3iWR1a3OlHsCXivY5abBZ97khKbuyrqd6RFpavGKTYicnpzRdX64eACfQwpxKZICMPMzrkcijGhNiWBjW+HHNUkL29nx33tGJTaQrUPmmdycigzdKQLry4FKZVGlHJObIv7JxUJJS5ocMhCBoucqyhW1q7UMVW3Klg1qsNVKoWDWPD0='),
	(19, 19, 'QZZBelFmJonxb1ARi+CWdgJI5aFj93F5EL5KnIz4WTTLothFjqMOdajt6lLH68e6C6W4JAsSGUwOMXdncrVlj6ONjiVB1ye/1kKbAKY6N358fD6aPY+5RhtfFnnb3iWR1a3OlHsCXivY5abBZ97khKbuyrqd6RFpavGKTYicnpzRdX64eACfQwpxKZICMPMzrkcijGhNiWBjW+HHNUkL29nx33tGJTaQrUPmmdycigzdKQLry4FKZVGlHJObIv7JxUJJS5ocMhCBoucqyhW1q7UMVW3Klg1qsNVKoWDWPD0='),
	(20, 20, 'WCNdyv4ruIyTmTlAXUv8eGN7cRA6A3mtoVldFzb5dcCYTuNeSxp9iltKJP0r5uTA3Jr7X9mDXxqFnMK7vw7/SS9PuXVoVSDs3s3w1qFzV/VWMBXpeBrp0ejdPaMbm6DBlN5yYDfPg5rWwN9pkCpgXw=='),
	(21, 21, 'WCNdyv4ruIyTmTlAXUv8eGN7cRA6A3mtoVldFzb5dcCYTuNeSxp9iltKJP0r5uTA3Jr7X9mDXxqFnMK7vw7/SS9PuXVoVSDs3s3w1qFzV/VWMBXpeBrp0ejdPaMbm6DBlN5yYDfPg5rWwN9pkCpgXw=='),
	(22, 22, 'WCNdyv4ruIyTmTlAXUv8eGN7cRA6A3mtoVldFzb5dcCYTuNeSxp9iltKJP0r5uTA3Jr7X9mDXxqFnMK7vw7/SS9PuXVoVSDs3s3w1qFzV/VWMBXpeBrp0ejdPaMbm6DBlN5yYDfPg5rWwN9pkCpgXw=='),
	(23, 23, 'WCNdyv4ruIyTmTlAXUv8eGN7cRA6A3mtoVldFzb5dcCYTuNeSxp9iltKJP0r5uTA3Jr7X9mDXxqFnMK7vw7/SS9PuXVoVSDs3s3w1qFzV/VWMBXpeBrp0ejdPaMbm6DBlN5yYDfPg5rWwN9pkCpgXw=='),
	(24, 24, 'WCNdyv4ruIyTmTlAXUv8eGN7cRA6A3mtoVldFzb5dcCYTuNeSxp9iltKJP0r5uTA3Jr7X9mDXxqFnMK7vw7/SS9PuXVoVSDs3s3w1qFzV/VWMBXpeBrp0ejdPaMbm6DBlN5yYDfPg5rWwN9pkCpgXw=='),
	(25, 25, 'WCNdyv4ruIyTmTlAXUv8eGN7cRA6A3mtoVldFzb5dcCYTuNeSxp9iltKJP0r5uTA3Jr7X9mDXxqFnMK7vw7/SS9PuXVoVSDs3s3w1qFzV/VWMBXpeBrp0ejdPaMbm6DBlN5yYDfPg5rWwN9pkCpgXw=='),
	(26, 26, 'WCNdyv4ruIyTmTlAXUv8eGN7cRA6A3mtoVldFzb5dcCYTuNeSxp9iltKJP0r5uTA3Jr7X9mDXxqFnMK7vw7/SS9PuXVoVSDs3s3w1qFzV/VWMBXpeBrp0ejdPaMbm6DBlN5yYDfPg5rWwN9pkCpgXw==');
/*!40000 ALTER TABLE `admin_log_data` ENABLE KEYS */;

-- Copiando estrutura para tabela p-med.admin_menu
CREATE TABLE IF NOT EXISTS `admin_menu` (
  `id` int(11) NOT NULL AUTO_INCREMENT,
  `parent_id` int(11) NOT NULL DEFAULT '0' COMMENT '父级菜单',
  `name` varchar(30) COLLATE utf8mb4_unicode_ci NOT NULL DEFAULT '' COMMENT '名称',
  `url` varchar(100) COLLATE utf8mb4_unicode_ci NOT NULL DEFAULT '' COMMENT 'url',
  `icon` varchar(30) COLLATE utf8mb4_unicode_ci NOT NULL DEFAULT 'fa-list' COMMENT '图标',
  `is_show` tinyint(1) NOT NULL DEFAULT '1' COMMENT '等级',
  `sort_id` int(10) NOT NULL DEFAULT '1000' COMMENT '排序',
  `log_method` varchar(8) COLLATE utf8mb4_unicode_ci NOT NULL DEFAULT 'N Reg' COMMENT 'método de registro',
  PRIMARY KEY (`id`) USING BTREE,
  KEY `index_url` (`url`) USING BTREE
) ENGINE=InnoDB AUTO_INCREMENT=86 DEFAULT CHARSET=utf8mb4 COLLATE=utf8mb4_unicode_ci ROW_FORMAT=COMPACT COMMENT='Menu';

-- Copiando dados para a tabela p-med.admin_menu: ~66 rows (aproximadamente)
/*!40000 ALTER TABLE `admin_menu` DISABLE KEYS */;
INSERT INTO `admin_menu` (`id`, `parent_id`, `name`, `url`, `icon`, `is_show`, `sort_id`, `log_method`) VALUES
	(1, 0, 'Início', 'admin/index/index', 'fa-home', 1, 99, 'não reg'),
	(2, 0, 'Adm de sistema', 'admin/sys', 'fa-desktop', 1, 1099, '不记录'),
	(3, 2, 'Ger de usuários', 'admin/admin_user/index', 'fa-user', 1, 1000, '不记录'),
	(4, 3, 'Adicionar usuário', 'admin/admin_user/add', 'fa-plus', 0, 1000, '不记录'),
	(5, 3, 'Modificar usuário', 'admin/admin_user/edit', 'fa-edit', 0, 1000, '不记录'),
	(6, 3, 'excluir usuários', 'admin/admin_user/del', 'fa-close', 0, 1000, 'POST'),
	(7, 2, 'Gerenc de regras', 'admin/admin_role/index', 'fa-group', 1, 1000, '不记录'),
	(8, 7, 'Adic regra', 'admin/admin_role/add', 'fa-plus', 0, 1000, '不记录'),
	(9, 7, 'Alterar regra', 'admin/admin_role/edit', 'fa-edit', 0, 1000, '不记录'),
	(10, 7, 'Excl regra', 'admin/admin_role/del', 'fa-close', 0, 1000, 'POST'),
	(11, 7, 'Acessar regra', 'admin/admin_role/access', 'fa-key', 0, 1000, '不记录'),
	(12, 2, 'Gerenc de Menu', 'admin/admin_menu/index', 'fa-align-justify', 1, 1000, '不记录'),
	(13, 12, 'Adic menu', 'admin/admin_menu/add', 'fa-plus', 0, 1000, '不记录'),
	(14, 12, 'Alterar Menu', 'admin/admin_menu/edit', 'fa-edit', 0, 1000, '不记录'),
	(15, 12, 'Excl Menu', 'admin/admin_menu/del', 'fa-close', 0, 1000, 'POST'),
	(16, 2, 'Gerenc log', 'admin/admin_log/index', 'fa-keyboard-o', 1, 1000, '不记录'),
	(17, 16, 'Vê Log', 'admin/admin_log/view', 'fa-search-plus', 0, 1000, '不记录'),
	(18, 2, 'Perfil', 'admin/admin_user/profile', 'fa-smile-o', 1, 1000, 'POST'),
	(19, 0, 'Usuários', 'admin/user/mange', 'fa-users', 1, 1000, '不记录'),
	(20, 19, 'Ger Usuários', 'admin/user/index', 'fa-user', 1, 1000, '不记录'),
	(21, 20, 'Adic usuário', 'admin/user/add', 'fa-plus', 0, 1000, '不记录'),
	(22, 20, 'Alterar Usu', 'admin/user/edit', 'fa-pencil', 0, 1000, '不记录'),
	(23, 20, 'Excl usu', 'admin/user/del', 'fa-trash', 0, 1000, 'POST'),
	(24, 20, 'Ativar Usu', 'admin/user/enable', 'fa-circle', 0, 1000, 'POST'),
	(25, 20, 'Desativar Usu', 'admin/user/disable', 'fa-circle', 0, 1000, 'POST'),
	(26, 19, 'Nível', 'admin/user_level/index', 'fa-th-list', 1, 1000, '不记录'),
	(27, 26, 'Adic Nível', 'admin/user_level/add', 'fa-plus', 0, 1000, '不记录'),
	(28, 26, 'Alt Nível', 'admin/user_level/edit', 'fa-pencil', 0, 1000, '不记录'),
	(29, 26, 'Excl Nível', 'admin/user_level/del', 'fa-trash', 0, 1000, 'POST'),
	(30, 26, 'Ativar Nível', 'admin/user_level/enable', 'fa-circle', 0, 1000, 'POST'),
	(31, 26, 'Desativar Nível', 'admin/user_level/disable', 'fa-circle', 0, 1000, 'POST'),
	(32, 2, 'Gerenc Desenv', 'admin/develop/manager', 'fa-code', 1, 1005, '不记录'),
	(43, 0, 'Configurações', 'admin/setting/center', 'fa-cogs', 1, 1000, '不记录'),
	(47, 43, 'Conf Admin', 'admin/setting/admin', 'fa-adjust', 1, 1000, '不记录'),
	(48, 43, 'Alt Conf Admin', 'admin/setting/update', 'fa-pencil', 0, 1000, 'POST'),
	(49, 32, 'Tabela', 'admin/database/table', 'fa-database', 1, 1000, '不记录'),
	(50, 49, 'Vê Dados', 'admin/database/view', 'fa-eye', 0, 1000, '不记录'),
	(51, 49, 'Otimizar', 'admin/database/optimize', 'fa-refresh', 0, 1000, 'POST'),
	(52, 49, 'Reparar bd', 'admin/database/repair', 'fa-circle-o-notch', 0, 1000, 'POST'),
	(53, 20, 'Criar Usu', 'admin/user/create', 'fa-list', 0, 1000, 'POST'),
	(54, 20, 'Alterar Usu', 'admin/user/update', 'fa-list', 0, 1000, 'POST'),
	(55, 3, 'Alterar Avatar', 'admin/admin_user/update_avatar', 'fa-list', 0, 1000, '不记录'),
	(56, 3, 'Adic usuário', 'admin/admin_user/create', 'fa-list', 0, 1000, 'POST'),
	(57, 3, 'Alterar Adm', 'admin/admin_user/update', 'fa-list', 0, 1000, 'POST'),
	(58, 3, 'Ativar Adm', 'admin/admin_user/enable', 'fa-list', 0, 1000, 'POST'),
	(59, 3, 'Destivar Adm', 'admin/admin_user/disable', 'fa-list', 0, 1000, 'POST'),
	(60, 3, 'Apelido', 'admin/admin_user/update_nickname', 'fa-list', 0, 1000, 'POST'),
	(61, 3, 'Senha', 'admin/admin_user/update_password', 'fa-list', 0, 1000, 'POST'),
	(62, 7, 'Criar regra', 'admin/admin_role/create', 'fa-list', 0, 1000, 'POST'),
	(63, 7, 'Alterar Regra', 'admin/admin_role/update', 'fa-list', 0, 1000, 'POST'),
	(64, 7, 'Ativar Regra', 'admin/admin_role/enable', 'fa-list', 0, 1000, 'POST'),
	(65, 7, 'Desativar Regra', 'admin/admin_role/disable', 'fa-list', 0, 1000, 'POST'),
	(66, 7, 'Acesso', 'admin/admin_role/access_operate', 'fa-list', 0, 1000, 'POST'),
	(67, 12, 'Criar Menu', 'admin/admin_menu/create', 'fa-list', 0, 1000, 'POST'),
	(68, 12, 'Alterar regra', 'admin/admin_menu/update', 'fa-list', 0, 1000, 'POST'),
	(71, 47, 'Inf de Config', 'admin/setting/info', 'fa-list', 0, 1000, '不记录'),
	(76, 20, 'Exportar Usu', 'admin/user/export', 'fa-list', 0, 1000, '不记录'),
	(77, 26, 'Criar Nível', 'admin/user_level/create', 'fa-list', 0, 1000, 'POST'),
	(78, 26, 'Alterar Nivel', 'admin/user_level/update', 'fa-list', 0, 1000, 'POST'),
	(79, 26, 'Exportar Nível', 'admin/user_level/export', 'fa-list', 0, 1000, '不记录'),
	(80, 0, 'Cadastros', 'admin/center', 'fa-list', 1, 1000, 'N Reg'),
	(81, 80, 'Cliente', 'admin/cliente/index', 'fa-handshake-o', 1, 1000, 'N Reg'),
	(82, 80, 'Fornecedor', 'admin/fornecedor/index', 'fa-truck', 1, 1000, 'N Reg'),
	(83, 80, 'Empregado', 'admin/empregado/index', 'fa-user-md', 1, 1000, 'N Reg'),
	(84, 80, 'Linha', 'admin/linha/index', 'fa-truck', 1, 1000, 'N Reg'),
	(85, 80, 'Paciente', 'admin/paciente/index', 'fa-meh-o', 1, 1000, '不记录');
/*!40000 ALTER TABLE `admin_menu` ENABLE KEYS */;

-- Copiando estrutura para tabela p-med.admin_role
CREATE TABLE IF NOT EXISTS `admin_role` (
  `id` int(11) NOT NULL AUTO_INCREMENT,
  `name` varchar(50) COLLATE utf8mb4_unicode_ci NOT NULL DEFAULT '' COMMENT '名称',
  `description` varchar(100) COLLATE utf8mb4_unicode_ci NOT NULL DEFAULT '' COMMENT '简介',
  `url` varchar(1000) COLLATE utf8mb4_unicode_ci NOT NULL DEFAULT '' COMMENT '权限',
  `status` tinyint(1) NOT NULL DEFAULT '1' COMMENT '是否Ativar',
  PRIMARY KEY (`id`) USING BTREE
) ENGINE=InnoDB AUTO_INCREMENT=7 DEFAULT CHARSET=utf8mb4 COLLATE=utf8mb4_unicode_ci ROW_FORMAT=COMPACT COMMENT='Gerir as Regras';

-- Copiando dados para a tabela p-med.admin_role: ~3 rows (aproximadamente)
/*!40000 ALTER TABLE `admin_role` DISABLE KEYS */;
INSERT INTO `admin_role` (`id`, `name`, `description`, `url`, `status`) VALUES
	(1, 'administrador', 'administrador', '1,19,20,21,22,23,24,25,53,54,76', 1),
	(2, 'Teste 01', 'Teste 01', '1,2,18,19,20,21,22,23,24,25,26,27,28,29,30,31', 1),
	(6, 'Teste 02', 'Teste 02', '1,2,16,17,18,43,48', 1);
/*!40000 ALTER TABLE `admin_role` ENABLE KEYS */;

-- Copiando estrutura para tabela p-med.admin_user
CREATE TABLE IF NOT EXISTS `admin_user` (
  `id` int(11) NOT NULL AUTO_INCREMENT,
  `username` varchar(30) COLLATE utf8mb4_unicode_ci NOT NULL DEFAULT '' COMMENT '用户名',
  `password` varchar(255) COLLATE utf8mb4_unicode_ci NOT NULL DEFAULT 'JDJ5JDEwJGdjdHRSODl0bVN3RTlBUDdXVFdDZmVuUThQck5nWWphYWlyekdMNG1uWU8uTC95Z1lHUGZP' COMMENT '密码',
  `nickname` varchar(30) COLLATE utf8mb4_unicode_ci NOT NULL DEFAULT '' COMMENT '昵称',
  `avatar` varchar(255) COLLATE utf8mb4_unicode_ci NOT NULL DEFAULT '' COMMENT '头像',
  `role` varchar(200) COLLATE utf8mb4_unicode_ci NOT NULL DEFAULT '' COMMENT '角色',
  `status` tinyint(1) NOT NULL DEFAULT '1' COMMENT '是否Ativar 0：否 1：是',
  `delete_time` int(10) NOT NULL DEFAULT '0' COMMENT '删除时间',
  PRIMARY KEY (`id`) USING BTREE,
  KEY `index_username` (`username`) USING BTREE
) ENGINE=InnoDB AUTO_INCREMENT=4 DEFAULT CHARSET=utf8mb4 COLLATE=utf8mb4_unicode_ci ROW_FORMAT=COMPACT COMMENT='Gerir os usuários';

-- Copiando dados para a tabela p-med.admin_user: ~3 rows (aproximadamente)
/*!40000 ALTER TABLE `admin_user` DISABLE KEYS */;
INSERT INTO `admin_user` (`id`, `username`, `password`, `nickname`, `avatar`, `role`, `status`, `delete_time`) VALUES
	(1, 'super_admin', 'JDJhJDEwJGdMTC80bkp1T0MzWjhXcFhwVUdCVC40bkliMGV1WW5oeW51bHJsUC5UMk1kZ2l0djRzSlUy', 'ADM', '/static/uploads/attachment/015a893e-5fab-4c48-a006-92cbe871ed62.jpg', '1', 1, 0),
	(2, 'test01', 'JDJ5JDEwJGhVbXFoeExxUklZZDZBSDc4UU1VSWVwZjRJQnlOV3FCN1ZaUEpkSzhndVJFaW9sZk11MXh5', '测试人员', '/storage/attachment/UUcsQTJXYqPfD7rAC97yqLOk1ns8fVUy3ViGYGyS.png', '2,3', 1, 0),
	(3, 'test03', 'JDJhJDEwJGFNbjdBeGJXcDRwWXg4ZHJ0QXE4UWVGRUt1d1M1SHhEemkzeXl3NXIwamZpL2lsVVFvUU1D', 'test03', '/static/admin/images/avatar.png', '2', 1, 0);
/*!40000 ALTER TABLE `admin_user` ENABLE KEYS */;

-- Copiando estrutura para tabela p-med.attachment
CREATE TABLE IF NOT EXISTS `attachment` (
  `id` int(11) NOT NULL AUTO_INCREMENT,
  `admin_user_id` int(11) NOT NULL DEFAULT '0' COMMENT '后台用户ID',
  `user_id` int(11) NOT NULL DEFAULT '0' COMMENT '前台用户ID',
  `original_name` varchar(200) COLLATE utf8mb4_unicode_ci NOT NULL DEFAULT '' COMMENT '原文件名',
  `save_name` varchar(200) COLLATE utf8mb4_unicode_ci NOT NULL DEFAULT '' COMMENT '保存文件名',
  `save_path` varchar(255) COLLATE utf8mb4_unicode_ci NOT NULL DEFAULT '' COMMENT '系统完整路径',
  `url` varchar(255) COLLATE utf8mb4_unicode_ci NOT NULL DEFAULT '' COMMENT '系统完整路径',
  `extension` varchar(100) COLLATE utf8mb4_unicode_ci NOT NULL DEFAULT '' COMMENT '后缀',
  `mime` varchar(100) COLLATE utf8mb4_unicode_ci NOT NULL DEFAULT '' COMMENT '类型',
  `size` bigint(20) NOT NULL DEFAULT '0' COMMENT '大小',
  `md5` varchar(32) COLLATE utf8mb4_unicode_ci NOT NULL DEFAULT '' COMMENT 'MD5',
  `sha1` varchar(40) COLLATE utf8mb4_unicode_ci NOT NULL DEFAULT '' COMMENT 'SHA1',
  `create_time` int(10) NOT NULL DEFAULT '0' COMMENT '创建时间',
  `update_time` int(10) NOT NULL DEFAULT '0' COMMENT '更新时间',
  `delete_time` int(10) NOT NULL DEFAULT '0' COMMENT '删除时间',
  PRIMARY KEY (`id`) USING BTREE
) ENGINE=InnoDB AUTO_INCREMENT=72 DEFAULT CHARSET=utf8mb4 COLLATE=utf8mb4_unicode_ci ROW_FORMAT=COMPACT COMMENT='Anexos';

-- Copiando dados para a tabela p-med.attachment: ~71 rows (aproximadamente)
/*!40000 ALTER TABLE `attachment` DISABLE KEYS */;
INSERT INTO `attachment` (`id`, `admin_user_id`, `user_id`, `original_name`, `save_name`, `save_path`, `url`, `extension`, `mime`, `size`, `md5`, `sha1`, `create_time`, `update_time`, `delete_time`) VALUES
	(1, 0, 0, '56644a9f283c058cd371316e186ef48a.png', 'WccgsnlYCMZDSS3t3LKR612f0ApATmnPJhEGgQfC.png', '/usr/local/nginx/html/laravel76/storage/app/public/attachment/WccgsnlYCMZDSS3t3LKR612f0ApATmnPJhEGgQfC.png', '/storage/attachment/WccgsnlYCMZDSS3t3LKR612f0ApATmnPJhEGgQfC.png', 'png', 'image/png', 1933, '34e108c8af3d188ed67cade12161adee', '5c28e6e7661f7db99394528f396f2668599af19b', 1589253485, 1589253485, 0),
	(2, 0, 0, '56644a9f283c058cd371316e186ef48a.png', '74FRJBLOfHp9i3coiWcCtfcpamPQQejLdveaXF83.png', '/usr/local/nginx/html/laravel76/storage/app/public/attachment/74FRJBLOfHp9i3coiWcCtfcpamPQQejLdveaXF83.png', '/storage/attachment/74FRJBLOfHp9i3coiWcCtfcpamPQQejLdveaXF83.png', 'png', 'image/png', 1933, '2f7c28d905c4c126c7866feec52ed898', '50f100b4157c8bdfb7b75d6203cce148d208e9a1', 1589253549, 1589253549, 0),
	(3, 0, 0, '56644a9f283c058cd371316e186ef48a.png', 'UUcsQTJXYqPfD7rAC97yqLOk1ns8fVUy3ViGYGyS.png', '/usr/local/nginx/html/laravel76/storage/app/public/attachment/UUcsQTJXYqPfD7rAC97yqLOk1ns8fVUy3ViGYGyS.png', '/storage/attachment/UUcsQTJXYqPfD7rAC97yqLOk1ns8fVUy3ViGYGyS.png', 'png', 'image/png', 1933, '33a2b255a31b2c76bc37998efcc55149', '1bd9af4271379d024c90f4e7af53c010f2e5c522', 1589253691, 1589253691, 0),
	(4, 0, 0, '56644a9f283c058cd371316e186ef48a.png', 'vQ3l6X8egranupO4HCOyLIa1YIT0xutiK5W4lWTy.png', '/usr/local/nginx/html/laravel76/storage/app/public/attachment/vQ3l6X8egranupO4HCOyLIa1YIT0xutiK5W4lWTy.png', '/storage/attachment/vQ3l6X8egranupO4HCOyLIa1YIT0xutiK5W4lWTy.png', 'png', 'image/png', 1933, '20d43ab3fc55a25b8a3c08e920c6509e', '32b5fb0900277e0fc73dc75324061c516652cf87', 1589253747, 1589253747, 0),
	(5, 0, 0, 'ChMlWl62EoOIfNQZAByZfHC_ztYAAO9lQOSb3oAHJmU210.jpg', 'WAcipipNSyfyegJHOdB82TxBrBpqryO2dKVsgy8y.jpeg', '/usr/local/nginx/html/laravel76/storage/app/public/attachment/WAcipipNSyfyegJHOdB82TxBrBpqryO2dKVsgy8y.jpeg', '/storage/attachment/WAcipipNSyfyegJHOdB82TxBrBpqryO2dKVsgy8y.jpeg', 'jpg', 'image/jpeg', 186112, 'accf4525967aee7bf01e92c02edfbc86', 'da11566cfcce96c0b99e678939bec97dca59c2b0', 1589445459, 1589445459, 0),
	(6, 1, 0, 'ChMlWl62EoOIfNQZAByZfHC_ztYAAO9lQOSb3oAHJmU210.jpg', 'QVwFjuX19nTBVZdvENbDhrnFAJHNIOvDPai0aVun.jpeg', '/usr/local/nginx/html/laravel76/storage/app/public/attachment/QVwFjuX19nTBVZdvENbDhrnFAJHNIOvDPai0aVun.jpeg', '/storage/attachment/QVwFjuX19nTBVZdvENbDhrnFAJHNIOvDPai0aVun.jpeg', 'jpg', 'image/jpeg', 186112, '25cba8953d51ca91e3a4d5d42958e51b', '04641ede249ec0ad939495f372a82baed5b44bc8', 1589446625, 1589446625, 0),
	(7, 1, 0, 'f0a7cd43074283b428b0a33ecfca5f9d.png', 'CzRAFicjODm9LcbS5WPJ57MbPQlpugMOuaYFljb1.png', '/usr/local/nginx/html/laravel76/storage/app/public/attachment/CzRAFicjODm9LcbS5WPJ57MbPQlpugMOuaYFljb1.png', '/storage/attachment/CzRAFicjODm9LcbS5WPJ57MbPQlpugMOuaYFljb1.png', 'png', 'image/png', 3699, 'ef0ad1ee26205b1277706689a833b9ea', '614264895fc8bff328d06ea7e5cd460c247fdde1', 1589510272, 1589510272, 0),
	(8, 1, 0, 'e144023adba5d6b2bf2d2b8c552f9263.png', 'AnXpJzhbTRYKLzjTmBAulsKPzTI6cgleOZhsE30C.png', '/usr/local/nginx/html/laravel76/storage/app/public/attachment/AnXpJzhbTRYKLzjTmBAulsKPzTI6cgleOZhsE30C.png', '/storage/attachment/AnXpJzhbTRYKLzjTmBAulsKPzTI6cgleOZhsE30C.png', 'png', 'image/png', 2119, '3bbfe1d67ed9893a0c7deca36d6c9c31', '967515f2205fc2f43e689b6cbb89f9a27acc63df', 1589510463, 1589510463, 0),
	(9, 1, 0, 'e144023adba5d6b2bf2d2b8c552f9263.png', 'T1HMD2yNKGeE8TGG03Ql4mCrZ6jjsoG9hNXQVVIe.png', '/usr/local/nginx/html/laravel76/storage/app/public/attachment/T1HMD2yNKGeE8TGG03Ql4mCrZ6jjsoG9hNXQVVIe.png', '/storage/attachment/T1HMD2yNKGeE8TGG03Ql4mCrZ6jjsoG9hNXQVVIe.png', 'png', 'image/png', 2119, '095a2a848ec63e068162d23e04a0fc3b', '9b39dbb355b1be0d945ead0182029f525fe1f9f6', 1589510536, 1589510536, 0),
	(10, 1, 0, 'e144023adba5d6b2bf2d2b8c552f9263.png', 'HzzOJstp5iWIdk9936ckFJcPpnVJHSjVG561cZDp.png', '/usr/local/nginx/html/laravel76/storage/app/public/attachment/HzzOJstp5iWIdk9936ckFJcPpnVJHSjVG561cZDp.png', '/storage/attachment/HzzOJstp5iWIdk9936ckFJcPpnVJHSjVG561cZDp.png', 'png', 'image/png', 2119, '5409a33b28b164d196888520e5b09e89', '44781cf49536ac7e9e648e9b7300fa07bb0d934a', 1589510685, 1589510685, 0),
	(11, 1, 0, '1771ce624eccb96aad992df540126d3b.png', 'IXEZQdYkesJEHDSMYsFkSoDQr49kVDAnhPo3e10B.png', '/usr/local/nginx/html/laravel76/storage/app/public/attachment/IXEZQdYkesJEHDSMYsFkSoDQr49kVDAnhPo3e10B.png', '/storage/attachment/IXEZQdYkesJEHDSMYsFkSoDQr49kVDAnhPo3e10B.png', 'png', 'image/png', 2545, '2d4043d86b04c2e6d67a0b5165b868bd', 'd98c67b3adc8a08c8c8a83b2650450f4fa8d7de0', 1589510698, 1589510698, 0),
	(12, 1, 0, '72031bafedeba534d1e862b8d717f8db.png', '4Xr4f93zHIamjplAeaPbo4IwV8W9gFdWZUSt6tqZ.png', '/usr/local/nginx/html/laravel76/storage/app/public/attachment/4Xr4f93zHIamjplAeaPbo4IwV8W9gFdWZUSt6tqZ.png', '/storage/attachment/4Xr4f93zHIamjplAeaPbo4IwV8W9gFdWZUSt6tqZ.png', 'png', 'image/png', 1702, 'fe07a7f8830d4235e68e0dd413e08077', 'd50626830bfede785e0e6e195c042b7decea8af5', 1589510713, 1589510713, 0),
	(13, 1, 0, 'f0a7cd43074283b428b0a33ecfca5f9d.png', 'aA8IIphwuEdZdhb8M24yGEURKPAzk0ctBTr8dE9h.png', '/usr/local/nginx/html/laravel76/storage/app/public/attachment/aA8IIphwuEdZdhb8M24yGEURKPAzk0ctBTr8dE9h.png', '/storage/attachment/aA8IIphwuEdZdhb8M24yGEURKPAzk0ctBTr8dE9h.png', 'png', 'image/png', 3699, '81bb1efe059d217f1384210be00d2bce', '460b610801e698e5b0ea81c8f4b1fcc557b454ca', 1589510729, 1589510729, 0),
	(14, 1, 0, '6dcc15ea1701c449e63e6856f0931e2a.png', 'oLCSpNXrsYj0Gm6DkivCCn4yaXyGTg6LnihYeX4Z.png', '/usr/local/nginx/html/laravel76/storage/app/public/attachment/oLCSpNXrsYj0Gm6DkivCCn4yaXyGTg6LnihYeX4Z.png', '/storage/attachment/oLCSpNXrsYj0Gm6DkivCCn4yaXyGTg6LnihYeX4Z.png', 'png', 'image/png', 1733, '0e62cb5d1b29aaded28b8b0b5b1d1041', 'efa12cc9f3fa193a5f3d26ab15cc18c82e1a9081', 1589511248, 1589511248, 0),
	(15, 1, 0, '02fce9aecd6cadf6e019e988ad8703ce.png', 'jGmkRCGjuOHvdQdJcLXhwzKw2f53nbVxqgp9weYd.png', '/usr/local/nginx/html/laravel76/storage/app/public/attachment/jGmkRCGjuOHvdQdJcLXhwzKw2f53nbVxqgp9weYd.png', '/storage/attachment/jGmkRCGjuOHvdQdJcLXhwzKw2f53nbVxqgp9weYd.png', 'png', 'image/png', 2614, '90fbb7f13d7c0241342e828fbe3778eb', '053f0ccaa95ad6d9620d8a1704f56d2169402c43', 1589521579, 1589521579, 0),
	(16, 1, 0, '6dcc15ea1701c449e63e6856f0931e2a.png', 'EuBTtXhkHgQYTmAv0xTCiVgv9ikmJtYRRIAnuigx.png', '/usr/local/nginx/html/laravel76/storage/app/public/attachment/EuBTtXhkHgQYTmAv0xTCiVgv9ikmJtYRRIAnuigx.png', '/storage/attachment/EuBTtXhkHgQYTmAv0xTCiVgv9ikmJtYRRIAnuigx.png', 'png', 'image/png', 1733, '54f588a46c4f84b465265448eef68ba9', '2dc51e4a47a62f60a0a21ba43518c2c0d78e69fb', 1589521647, 1589521647, 0),
	(17, 1, 0, '72031bafedeba534d1e862b8d717f8db.png', 'wsEP8xKtWDOUAhcjSYbjxNJYpCy2KVil0J1HTRr3.png', '/usr/local/nginx/html/laravel76/storage/app/public/attachment/wsEP8xKtWDOUAhcjSYbjxNJYpCy2KVil0J1HTRr3.png', '/storage/attachment/wsEP8xKtWDOUAhcjSYbjxNJYpCy2KVil0J1HTRr3.png', 'png', 'image/png', 1702, 'd4e59f60d950a70bf1168f5ce1391997', '29a7817d8c07749ab48e6aba7c0c87331df0120c', 1589521691, 1589521691, 0),
	(18, 1, 0, '6dcc15ea1701c449e63e6856f0931e2a.png', 'cPxmQGCS50aMljpMJzbzYsdx9daK39g35AIo29Um.png', '/usr/local/nginx/html/laravel76/storage/app/public/attachment/cPxmQGCS50aMljpMJzbzYsdx9daK39g35AIo29Um.png', '/storage/attachment/cPxmQGCS50aMljpMJzbzYsdx9daK39g35AIo29Um.png', 'png', 'image/png', 1733, '288d3f01a7a0ad96df5f93d722c9ae3f', 'bc1b4aeb2986b0554d18a15d0d7deba4ee877596', 1589521702, 1589521702, 0),
	(19, 1, 0, '65e4ad92ece9fdb7f3822ba4fc322bf6.png', 'MLQRNGchfA3gRXz1LgFlVtci0ej2stNEHUY5X2Nr.png', '/usr/local/nginx/html/laravel76/storage/app/public/attachment/MLQRNGchfA3gRXz1LgFlVtci0ej2stNEHUY5X2Nr.png', '/storage/attachment/MLQRNGchfA3gRXz1LgFlVtci0ej2stNEHUY5X2Nr.png', 'png', 'image/png', 1444, '39936049cac2b0e023ce0f3056f838d8', '7bfc521828376f771fd6f928526c8391e6235e3d', 1589521712, 1589521712, 0),
	(20, 1, 0, 'd0b153352b15ea7097403c563e9c3be4.png', 'rxwVFPWkIM34HY6cyLuEw4CUs8BUah22eEUZts48.png', '/usr/local/nginx/html/laravel76/storage/app/public/attachment/rxwVFPWkIM34HY6cyLuEw4CUs8BUah22eEUZts48.png', '/storage/attachment/rxwVFPWkIM34HY6cyLuEw4CUs8BUah22eEUZts48.png', 'png', 'image/png', 1705, 'f320421a05ff23d34fce76410dbe453c', 'da5b02f5f29fdb53835a0a83912b331ba061a276', 1589521722, 1589521722, 0),
	(21, 1, 0, '65e4ad92ece9fdb7f3822ba4fc322bf6.png', 'v57lVvdc76ru5tpQX77GX3UMeE600vgE3B3D8Afu.png', '/usr/local/nginx/html/laravel76/storage/app/public/attachment/v57lVvdc76ru5tpQX77GX3UMeE600vgE3B3D8Afu.png', '/storage/attachment/v57lVvdc76ru5tpQX77GX3UMeE600vgE3B3D8Afu.png', 'png', 'image/png', 1444, 'd4d86c27ae8d41c07f5cc4276276baa2', 'd42c0df7e91324a0e684448cd3dc159b8f58b394', 1589521755, 1589521755, 0),
	(22, 1, 0, '6dcc15ea1701c449e63e6856f0931e2a.png', '2iu0A7RsCh6k6eWjJe2Fd9gGB6ASMT8JoNPRPPDv.png', '/usr/local/nginx/html/laravel76/storage/app/public/attachment/2iu0A7RsCh6k6eWjJe2Fd9gGB6ASMT8JoNPRPPDv.png', '/storage/attachment/2iu0A7RsCh6k6eWjJe2Fd9gGB6ASMT8JoNPRPPDv.png', 'png', 'image/png', 1733, '6cb8f79a89b463b445805bc054615e27', '4cc0746e9e0c1fe7f5c053e1f93dfdc283d6cb5e', 1589521772, 1589521772, 0),
	(23, 1, 0, '65e4ad92ece9fdb7f3822ba4fc322bf6.png', 'vc4h1dTIkWomlLCGYY3RayrDOMvmhz0xZr7Ygjh7.png', '/usr/local/nginx/html/laravel76/storage/app/public/attachment/vc4h1dTIkWomlLCGYY3RayrDOMvmhz0xZr7Ygjh7.png', '/storage/attachment/vc4h1dTIkWomlLCGYY3RayrDOMvmhz0xZr7Ygjh7.png', 'png', 'image/png', 1444, '00b1c1ac8742ee0d01fed824df84d18b', 'b5c86cfc070e72d86d005e6cab069859f6bc0b8f', 1589521783, 1589521783, 0),
	(24, 1, 0, '56644a9f283c058cd371316e186ef48a.png', '6F075HC5tqmDS9RpH7NuKVMoeHUbo3BqQmTXO8W2.png', '/var/www/html/laravel76/storage/app/public/attachment/6F075HC5tqmDS9RpH7NuKVMoeHUbo3BqQmTXO8W2.png', '/storage/attachment/6F075HC5tqmDS9RpH7NuKVMoeHUbo3BqQmTXO8W2.png', 'png', 'image/png', 1933, '210b846289f96d731663e1004d1d1a01', 'ba69f1746d8368e9a20b0ff105d83366b4e30b71', 1591084706, 1591084706, 0),
	(25, 1, 0, '56644a9f283c058cd371316e186ef48a.png', 'P2WepK36NDa1SmLKEDPqDNCDYiOzaWo2i0nsgsMg.png', '/var/www/html/laravel76/storage/app/public/attachment/P2WepK36NDa1SmLKEDPqDNCDYiOzaWo2i0nsgsMg.png', '/storage/attachment/P2WepK36NDa1SmLKEDPqDNCDYiOzaWo2i0nsgsMg.png', 'png', 'image/png', 1933, '77a98ede53af441bc0d3a9c4006d375b', '065d4a63ad7b30f4633bca42d6209d5958d46e69', 1591086909, 1591086909, 0),
	(26, 1, 0, 'banner01.jpg', 'JAa8aWq9iiCuJ2B1B1WFiqzkGXgwV373BcYgUXZn.jpeg', '/var/www/html/laravel76/storage/app/public/attachment/JAa8aWq9iiCuJ2B1B1WFiqzkGXgwV373BcYgUXZn.jpeg', '/storage/attachment/JAa8aWq9iiCuJ2B1B1WFiqzkGXgwV373BcYgUXZn.jpeg', 'jpg', 'image/jpeg', 257304, 'a28a63be39c474148090b739e09427a3', '30226734e1dca6b29bc7e7e9237aa0576fe9199e', 1591086945, 1591086945, 0),
	(27, 1, 0, '56644a9f283c058cd371316e186ef48a.png', 'AG96e3IVJEoPe8PMn7xxgX8Ke0pXTWdjJz1rlzso.png', '/var/www/html/laravel76/storage/app/public/attachment/AG96e3IVJEoPe8PMn7xxgX8Ke0pXTWdjJz1rlzso.png', '/storage/attachment/AG96e3IVJEoPe8PMn7xxgX8Ke0pXTWdjJz1rlzso.png', 'png', 'image/png', 1933, '09a4558a90e2c762af28c3f4cc9c4729', '1f68cd2121eb961c11ced05fc52bab78f2bfad15', 1591090012, 1591090012, 0),
	(28, 1, 0, '56644a9f283c058cd371316e186ef48a.png', '5woXcHdkqNdS52AFElTQntPLOTjfDpI3cCIyQStn.png', '/var/www/html/laravel76/storage/app/public/attachment/5woXcHdkqNdS52AFElTQntPLOTjfDpI3cCIyQStn.png', '/storage/attachment/5woXcHdkqNdS52AFElTQntPLOTjfDpI3cCIyQStn.png', 'png', 'image/png', 1933, '8464e95865c388ba33cd029d3f9d93d5', '1aa82e4f1aee22f8e1027c25ce8a83be5ebbf3c3', 1591090026, 1591090026, 0),
	(29, 1, 0, '56644a9f283c058cd371316e186ef48a.png', '6gdv3ktOwUVp6Ux3ts6pjqU2xq43QmRRtPRqAdTl.png', '/var/www/html/laravel76/storage/app/public/attachment/6gdv3ktOwUVp6Ux3ts6pjqU2xq43QmRRtPRqAdTl.png', '/storage/attachment/6gdv3ktOwUVp6Ux3ts6pjqU2xq43QmRRtPRqAdTl.png', 'png', 'image/png', 1933, '18854519c093c45a1595ec5e0ae5cfda', 'aded38287091b6b78eee43e61f6ac62b19671bc6', 1591091735, 1591091735, 0),
	(30, 1, 0, '56644a9f283c058cd371316e186ef48a.png', 'VSwmtBYDvIUc4M3x0luoPkNsSqVSpcD5QLdG1Oee.png', '/var/www/html/laravel76/storage/app/public/attachment/VSwmtBYDvIUc4M3x0luoPkNsSqVSpcD5QLdG1Oee.png', '/storage/attachment/VSwmtBYDvIUc4M3x0luoPkNsSqVSpcD5QLdG1Oee.png', 'png', 'image/png', 1933, 'd48ca5b115211dae722e09c2879077b4', '23a55de92a3775c2bf18690ad231c5bbde822f9f', 1591256299, 1591256299, 0),
	(31, 0, 0, '56644a9f283c058cd371316e186ef48a.png', 'FdYB4T3CuyaItjCyzx0pnXsOdNdbVXbdKD3ZbHLJ.png', '/var/www/html/laravel-admin/storage/app/public/attachment/FdYB4T3CuyaItjCyzx0pnXsOdNdbVXbdKD3ZbHLJ.png', '/storage/attachment/FdYB4T3CuyaItjCyzx0pnXsOdNdbVXbdKD3ZbHLJ.png', 'png', 'image/png', 1933, 'e226aa80847f9d0da1de605257554797', 'd3c4873f301d7cfa242a22a48e3d7943b27df71c', 1591685071, 1591685071, 0),
	(32, 0, 0, '56644a9f283c058cd371316e186ef48a.png', 'N4YH5GsXhHFCZgksRxP35fDNXCq6z8lq6o4HNLwi.png', '/var/www/html/laravel-admin/storage/app/public/attachment/N4YH5GsXhHFCZgksRxP35fDNXCq6z8lq6o4HNLwi.png', '/storage/attachment/N4YH5GsXhHFCZgksRxP35fDNXCq6z8lq6o4HNLwi.png', 'png', 'image/png', 1933, 'e1e9c214df64d4794c0ae1e14d375e45', '1ae1a18f30b02f5302b6e88209e8e4368a78e726', 1591685095, 1591685095, 0),
	(33, 0, 0, '56644a9f283c058cd371316e186ef48a.png', 'b0qLkhggbJR0U01lrcFmN4fG67p3PeNDfTDCucqE.png', '/var/www/html/laravel-admin/storage/app/public/attachment/b0qLkhggbJR0U01lrcFmN4fG67p3PeNDfTDCucqE.png', '/storage/attachment/b0qLkhggbJR0U01lrcFmN4fG67p3PeNDfTDCucqE.png', 'png', 'image/png', 1933, '53cf1f47fa5fff8f59e271a0e38290e6', 'e8bb0eb8d04d17c9b1570d581846e2f4a03c335d', 1591685111, 1591685111, 0),
	(34, 0, 0, '56644a9f283c058cd371316e186ef48a.png', 'avSbaEJdrjLI9jpj8LgnJDja6jJczF0yWzSqjdvh.png', '/var/www/html/laravel-admin/storage/app/public/attachment/avSbaEJdrjLI9jpj8LgnJDja6jJczF0yWzSqjdvh.png', '/storage/attachment/avSbaEJdrjLI9jpj8LgnJDja6jJczF0yWzSqjdvh.png', 'png', 'image/png', 1933, '4cac2fed9516280c5ded4a0ad9a97e29', '97c5c9f44607da5a297da1e0079cdb32e3bc86be', 1591685244, 1591685244, 0),
	(35, 0, 0, '56644a9f283c058cd371316e186ef48a.png', 'QODmab6xeKRIfU7oHPvaNsp8IS1wj8494YtLBHzV.png', '/var/www/html/laravel-admin/storage/app/public/attachment/QODmab6xeKRIfU7oHPvaNsp8IS1wj8494YtLBHzV.png', '/storage/attachment/QODmab6xeKRIfU7oHPvaNsp8IS1wj8494YtLBHzV.png', 'png', 'image/png', 1933, '068109e0ff989e153df59ef1637c3d99', 'c4b4841070f44580fff930e21954d46eeae8f2da', 1591685287, 1591685287, 0),
	(36, 0, 0, 'guwen02.jpg', 'cFYc5D9G32I5h3ycKnEdyxPbcDUumwmSliKP9Plz.jpeg', '/var/www/html/laravel-admin/storage/app/public/attachment/cFYc5D9G32I5h3ycKnEdyxPbcDUumwmSliKP9Plz.jpeg', '/storage/attachment/cFYc5D9G32I5h3ycKnEdyxPbcDUumwmSliKP9Plz.jpeg', 'jpg', 'image/jpeg', 15029, 'aa8960e8d87649c2335aceec6bd06300', '527065e4cd3e8ad37a82657fc95deb3a321cbca0', 1591685566, 1591685566, 0),
	(37, 0, 0, 'guwen06.jpg', 'e15gYgotK6jOChAoTrKxcnIVY3daEspTmUgzELmD.jpeg', '/var/www/html/laravel-admin/storage/app/public/attachment/e15gYgotK6jOChAoTrKxcnIVY3daEspTmUgzELmD.jpeg', '/storage/attachment/e15gYgotK6jOChAoTrKxcnIVY3daEspTmUgzELmD.jpeg', 'jpg', 'image/jpeg', 12998, '0ada54bba9ec500794c9e25d4d1a9153', '9c8c93191df3ea730adb22ff279e189f4508efce', 1591685601, 1591685601, 0),
	(38, 0, 0, '56644a9f283c058cd371316e186ef48a.png', '3qMSzvq9U6rliFdJzkikBJK4RXXEF5nFNMnkjeFO.png', '/var/www/html/laravel-admin/storage/app/public/attachment/3qMSzvq9U6rliFdJzkikBJK4RXXEF5nFNMnkjeFO.png', '/storage/attachment/3qMSzvq9U6rliFdJzkikBJK4RXXEF5nFNMnkjeFO.png', 'png', 'image/png', 1933, 'e4c5ae80756733adea83757faf8575b4', '71bc23119f31b48874fcd1efb43d66d95e1f322d', 1591685694, 1591685694, 0),
	(39, 0, 0, '56644a9f283c058cd371316e186ef48a.png', '2ClSlNaSKim0Otlgz3NOvxm8Um0HMiRGEYeHoB0t.png', '/var/www/html/laravel-admin/storage/app/public/attachment/2ClSlNaSKim0Otlgz3NOvxm8Um0HMiRGEYeHoB0t.png', '/storage/attachment/2ClSlNaSKim0Otlgz3NOvxm8Um0HMiRGEYeHoB0t.png', 'png', 'image/png', 1933, 'f6c5bf1709518e92201fcbb2ee726ec9', '6e5bef208ca37fc6d0920928198aa61d3b728567', 1592385747, 1592385747, 0),
	(40, 0, 0, '56644a9f283c058cd371316e186ef48a.png', '4ohjlUhtmGGs7RMMMv2ANVvhAkMDQULAu6Q5vfPR.png', '/var/www/html/laravel-admin/storage/app/public/attachment/4ohjlUhtmGGs7RMMMv2ANVvhAkMDQULAu6Q5vfPR.png', '/storage/attachment/4ohjlUhtmGGs7RMMMv2ANVvhAkMDQULAu6Q5vfPR.png', 'png', 'image/png', 1933, 'a82bd5ac20d3dcba171470b4e616f77d', '73543ebc1f6189b5fce25f4d24d75dc9ffe43093', 1592386512, 1592386512, 0),
	(41, 0, 0, '56644a9f283c058cd371316e186ef48a.png', 'ZsB3vPRp8Szq8gBYeswmXWYOzUWP4xI8bXN55GMI.png', '/var/www/html/laravel-admin/storage/app/public/attachment/ZsB3vPRp8Szq8gBYeswmXWYOzUWP4xI8bXN55GMI.png', '/storage/attachment/ZsB3vPRp8Szq8gBYeswmXWYOzUWP4xI8bXN55GMI.png', 'png', 'image/png', 1933, 'b93bec2af6b61e0f73d51df4c78b2e66', '63f3190decebc2f4dee1a9f361e6ad017cb7a155', 1595489426, 1595489426, 0),
	(42, 0, 0, '56644a9f283c058cd371316e186ef48a.png', 'lhCkRT7cN42sFYG2X24qbUC5mTgOwxBDK8w99w7X.png', '/var/www/html/laravel-admin/storage/app/public/attachment/lhCkRT7cN42sFYG2X24qbUC5mTgOwxBDK8w99w7X.png', '/storage/attachment/lhCkRT7cN42sFYG2X24qbUC5mTgOwxBDK8w99w7X.png', 'png', 'image/png', 1933, 'a6f17da586c8b7f0065ee7c4ced802d5', '4893bbe008e7fcc221d806bd4c28c29b2d23248a', 1595491059, 1595491059, 0),
	(43, 0, 0, '56644a9f283c058cd371316e186ef48a.png', 'lA5bv1w6sMHad04vo0tDWGnTHUsQsPPZIBYqbuej.png', '/var/www/html/laravel-admin/storage/app/public/attachment/lA5bv1w6sMHad04vo0tDWGnTHUsQsPPZIBYqbuej.png', '/storage/attachment/lA5bv1w6sMHad04vo0tDWGnTHUsQsPPZIBYqbuej.png', 'png', 'image/png', 1933, '77096c3f779707e1ecd05ddb4005e937', '2efae1631c23c8292785c77e87a189950988585a', 1595491081, 1595491081, 0),
	(44, 0, 0, '56644a9f283c058cd371316e186ef48a.png', '47mAgIgcqjL36Od6SXNL48puaR0s3ZSFxq017BVT.png', '/var/www/html/laravel-admin/storage/app/public/attachment/47mAgIgcqjL36Od6SXNL48puaR0s3ZSFxq017BVT.png', '/storage/attachment/47mAgIgcqjL36Od6SXNL48puaR0s3ZSFxq017BVT.png', 'png', 'image/png', 1933, '52d7ab56ffc65166a7705943eedb2635', '0638aba7bf34bd66c29a533ac3e6a36bb068d33c', 1595491096, 1595491096, 0),
	(45, 0, 0, '56644a9f283c058cd371316e186ef48a.png', 'XhGoZETVDfZ7Mz04gDD1U8vvpQyIPmZYtVPgTyTg.png', '/var/www/html/laravel-admin/storage/app/public/attachment/XhGoZETVDfZ7Mz04gDD1U8vvpQyIPmZYtVPgTyTg.png', '/storage/attachment/XhGoZETVDfZ7Mz04gDD1U8vvpQyIPmZYtVPgTyTg.png', 'png', 'image/png', 1933, 'fdea61251c92aae048aa41e38da38d47', '1c6cc040de18353bab062999531d3e76f9bc3694', 1595491104, 1595491104, 0),
	(46, 0, 0, 'timg (1).jpg', 'bUGWlU7XvCgFYQ2ZreVaD4FtTpumeftPNl1GLUfF.jpeg', '/var/www/html/laravel-admin/storage/app/public/attachment/bUGWlU7XvCgFYQ2ZreVaD4FtTpumeftPNl1GLUfF.jpeg', '/storage/attachment/bUGWlU7XvCgFYQ2ZreVaD4FtTpumeftPNl1GLUfF.jpeg', 'jpg', 'image/jpeg', 98544, 'fdee6d0b5fc929e01a53d5b8dd818101', '9baff67a297db0e15a2f8d92ea16ad6636b8c017', 1595556703, 1595556703, 0),
	(47, 0, 0, '56644a9f283c058cd371316e186ef48a.png', '4HtcpCclUg50dnXDeWzSUZdi71gl1mYYknKoPysR.png', '/var/www/html/laravel-admin/storage/app/public/attachment/4HtcpCclUg50dnXDeWzSUZdi71gl1mYYknKoPysR.png', '/storage/attachment/4HtcpCclUg50dnXDeWzSUZdi71gl1mYYknKoPysR.png', 'png', 'image/png', 1933, '3d2d34b042564e21d845c6d26cf451e5', 'e2d0d4b05650d6b667a367b39ad49544cdf85381', 1596004617, 1596004617, 0),
	(48, 0, 0, '56644a9f283c058cd371316e186ef48a.png', '1THtrWjH2eawYFZpZRqBxXuW0n1epDG5ck86Jh8I.png', '/var/www/html/laravel-admin/storage/app/public/attachment/1THtrWjH2eawYFZpZRqBxXuW0n1epDG5ck86Jh8I.png', '/storage/attachment/1THtrWjH2eawYFZpZRqBxXuW0n1epDG5ck86Jh8I.png', 'png', 'image/png', 1933, 'fb4bac998e8da8b7f5d52cf82d61b5c7', 'da906339e7278eb363e8033fa36b7248064804c0', 1596004855, 1596004855, 0),
	(49, 0, 0, '56644a9f283c058cd371316e186ef48a.png', 'ZB6TbTDknr6cieolcSM8CIW1xAGKI7isaDkHnL5U.png', '/var/www/html/laravel-admin/storage/app/public/attachment/ZB6TbTDknr6cieolcSM8CIW1xAGKI7isaDkHnL5U.png', '/storage/attachment/ZB6TbTDknr6cieolcSM8CIW1xAGKI7isaDkHnL5U.png', 'png', 'image/png', 1933, 'cd6271d76f6b4cb89099cac06c320a51', '777f9a0319672731242e049deefa70298f6ff8a3', 1596004968, 1596004968, 0),
	(50, 0, 0, '56644a9f283c058cd371316e186ef48a.png', 'xHqlsyh1PEgqBv7avfl7Cnesd9qKXZ8uAUiwoAvz.png', '/var/www/html/laravel-admin/storage/app/public/attachment/xHqlsyh1PEgqBv7avfl7Cnesd9qKXZ8uAUiwoAvz.png', '/storage/attachment/xHqlsyh1PEgqBv7avfl7Cnesd9qKXZ8uAUiwoAvz.png', 'png', 'image/png', 1933, '84671c15891624392e2ead15573394a8', 'dd10daa166c283c180b741a346c9151f6697bb81', 1596004985, 1596004985, 0),
	(51, 0, 0, '56644a9f283c058cd371316e186ef48a.png', 'QcAIudzblfsyFsLF1FLO2VA2Um78LgYNalUM3OGv.png', '/var/www/html/laravel-admin/storage/app/public/attachment/QcAIudzblfsyFsLF1FLO2VA2Um78LgYNalUM3OGv.png', '/storage/attachment/QcAIudzblfsyFsLF1FLO2VA2Um78LgYNalUM3OGv.png', 'png', 'image/png', 1933, '3ac6a79fcf33f1793f7d88318420c929', 'df812fc1409786f635124558fd5ca4899cac68dd', 1596004996, 1596004996, 0),
	(52, 0, 0, '56644a9f283c058cd371316e186ef48a.png', 'vIEyubvqvRPxc9u9x0n5qcYd22gTXGQdLLNlJPVX.png', '/var/www/html/laravel-admin/storage/app/public/attachment/vIEyubvqvRPxc9u9x0n5qcYd22gTXGQdLLNlJPVX.png', '/storage/attachment/vIEyubvqvRPxc9u9x0n5qcYd22gTXGQdLLNlJPVX.png', 'png', 'image/png', 1933, 'f482f083074e02f18f22dd77c6c4e510', 'ce9086e4c275aa2117db970567c3ddcdd9eca912', 1596005186, 1596005186, 0),
	(53, 0, 0, '56644a9f283c058cd371316e186ef48a.png', 'axBsOHwS6TwSBEsAIRniYAUWxJ3Nusr1mDHhxR5B.png', '/var/www/html/laravel-admin/storage/app/public/attachment/axBsOHwS6TwSBEsAIRniYAUWxJ3Nusr1mDHhxR5B.png', '/storage/attachment/axBsOHwS6TwSBEsAIRniYAUWxJ3Nusr1mDHhxR5B.png', 'png', 'image/png', 1933, '97f80e18d6f9f2ed174ac1c873591a8e', '70786ee6676acd2cb5379c832a48468766b1e1f7', 1596008111, 1596008111, 0),
	(54, 0, 0, '56644a9f283c058cd371316e186ef48a.png', 'c3Th21BQfwgJF1UWpJowuHQMSqOtUu5KTz3dObRH.png', '/var/www/html/laravel-admin/storage/app/public/attachment/c3Th21BQfwgJF1UWpJowuHQMSqOtUu5KTz3dObRH.png', '/storage/attachment/c3Th21BQfwgJF1UWpJowuHQMSqOtUu5KTz3dObRH.png', 'png', 'image/png', 1933, '9088dfc7a4660a615af68cfb148fc874', 'c2df4924d1b2a197b2908cc759760ef23b20c5ca', 1596008153, 1596008153, 0),
	(55, 1, 0, '56644a9f283c058cd371316e186ef48a.png', '6d40b131-341a-497a-b712-da1d1a24a91f', 'static/uploads/attachment/6d40b131-341a-497a-b712-da1d1a24a91f.png', '/static/uploads/attachment/6d40b131-341a-497a-b712-da1d1a24a91f.png', 'png', 'image/png', 1933, '207d9dd501da7cad94df1f26f569e972', 'c192700a4efa7bdd82cbd117f772e4a6e585d4f1', 1602579498, 1602579498, 0),
	(56, 1, 0, 'touxiang.jpg', 'c838a0bc-a3d7-4596-8a93-288c6364f1fc', 'D:/Go/src/ccb/static/uploads/attachment/c838a0bc-a3d7-4596-8a93-288c6364f1fc.jpg', '/static/uploads/attachment/c838a0bc-a3d7-4596-8a93-288c6364f1fc.jpg', 'jpg', 'image/jpeg', 12700, 'b3907b24c6a3bdddb6ead9c5f0af3859', 'dccb79b0d6bdba5b3ae833a6b8948f5bbe9fd2f8', 1602579715, 1602579715, 0),
	(57, 1, 0, '56644a9f283c058cd371316e186ef48a.png', 'aecb9fb7-871b-43fc-9414-a4265d0cb72d', 'D:/Go/src/ccb/static/uploads/attachment/aecb9fb7-871b-43fc-9414-a4265d0cb72d.png', '/static/uploads/attachment/aecb9fb7-871b-43fc-9414-a4265d0cb72d.png', 'png', 'image/png', 1933, '9e6cc15c8fcf5b58141b2dead81982d2', 'e532ec3fef8264806212809452a840afc8e17e2c', 1602579833, 1602579833, 0),
	(58, 1, 0, 'timg (2).jpg', 'ba450a52-0e63-4f0b-93aa-b19c312d1034', 'D:/Go/src/ccb/static/uploads/attachment/ba450a52-0e63-4f0b-93aa-b19c312d1034.jpg', '/static/uploads/attachment/ba450a52-0e63-4f0b-93aa-b19c312d1034.jpg', 'jpg', 'image/jpeg', 256514, '05de0fd2268116b475d49e172c03510e', '43a2066e22c5d84158a6600ff52c03cf91b6e016', 1603852752, 1603852752, 0),
	(59, 1, 0, 'timg (1).jpg', '2dcd08fc-9fcc-4c4f-85d9-8fe0600db1f7', 'D:/Go/src/ccb/static/uploads/attachment/2dcd08fc-9fcc-4c4f-85d9-8fe0600db1f7.jpg', '/static/uploads/attachment/2dcd08fc-9fcc-4c4f-85d9-8fe0600db1f7.jpg', 'jpg', 'image/jpeg', 98544, '745cd958d444ece9bcad3ddfb7ede342', '702f6825ab0b79f1a169ea4700e7e525308ae4f1', 1603862327, 1603862327, 0),
	(60, 1, 0, 'timg (3).jpg', 'd4c95df3-ea7d-4b90-94d6-9b756293ce4f', 'D:/Go/src/ccb/static/uploads/attachment/d4c95df3-ea7d-4b90-94d6-9b756293ce4f.jpg', '/static/uploads/attachment/d4c95df3-ea7d-4b90-94d6-9b756293ce4f.jpg', 'jpg', 'image/jpeg', 60186, 'f65b66ad7dae44138328b9eedd26b736', '62e9c1d79f8374bd494220d051f803cf94582ed2', 1603862942, 1603862942, 0),
	(61, 1, 0, 'timg (1).jpg', 'c43f3ba8-242e-4d87-972a-39380e81eb70', 'D:/Go/src/ccb/static/uploads/attachment/c43f3ba8-242e-4d87-972a-39380e81eb70.jpg', '/static/uploads/attachment/c43f3ba8-242e-4d87-972a-39380e81eb70.jpg', 'jpg', 'image/jpeg', 98544, '43278c889afb284c1d5b9d947c3b7035', '82171bca152300ab0a44123f484caa53062d9383', 1603864318, 1603864318, 0),
	(62, 1, 0, 'timg (3).jpg', '7a25ac9e-4c1e-4109-b67f-79f14f5a781b', 'D:/Go/src/ccb/static/uploads/attachment/7a25ac9e-4c1e-4109-b67f-79f14f5a781b.jpg', '/static/uploads/attachment/7a25ac9e-4c1e-4109-b67f-79f14f5a781b.jpg', 'jpg', 'image/jpeg', 60186, 'bde2603991104015f92071f379d9a930', 'aba14f280fedc5639f871bc6e4f881b0793461eb', 1603864605, 1603864605, 0),
	(63, 1, 0, 'timg (1).jpg', 'ea08c391-0eb4-4c6a-8e4f-9846c51d61cc', 'D:/Go/src/ccb/static/uploads/attachment/ea08c391-0eb4-4c6a-8e4f-9846c51d61cc.jpg', '/static/uploads/attachment/ea08c391-0eb4-4c6a-8e4f-9846c51d61cc.jpg', 'jpg', 'image/jpeg', 98544, 'a6ef70cb91d6650906e4daa7cdd15e23', '6d7ffee210d3acef266fcaf7fca239319d080c13', 1603864898, 1603864898, 0),
	(64, 1, 0, 'touxiang.jpg', '05446cad-e3a9-47e9-92cd-7a0a11867d50', 'D:/Go/src/ccb/static/uploads/attachment/05446cad-e3a9-47e9-92cd-7a0a11867d50.jpg', '/static/uploads/attachment/05446cad-e3a9-47e9-92cd-7a0a11867d50.jpg', 'jpg', 'image/jpeg', 12700, '586acfd808d6bdc75994aab25ef0f5b3', 'aba289b63e3127b34b5b0fa11460850633ede4c0', 1604044712, 1604044712, 0),
	(65, 1, 0, '56644a9f283c058cd371316e186ef48a.png', 'f3857879-e1a2-4fd3-91d7-31f7ac27cb93', 'D:/Go/src/ccb/static/uploads/attachment/f3857879-e1a2-4fd3-91d7-31f7ac27cb93.png', '/static/uploads/attachment/f3857879-e1a2-4fd3-91d7-31f7ac27cb93.png', 'png', 'image/png', 1933, 'ddd159e517ba49f123cdaad5087faca5', '2d5ec1c65e3c2ce193c5276b18c6290a7a2b6529', 1604046311, 1604046311, 0),
	(66, 1, 0, 'touxiang.jpg', 'c9d647d6-b0c7-4dc7-98a6-632597e5e4c7', 'D:/Go/src/ccb/static/uploads/attachment/c9d647d6-b0c7-4dc7-98a6-632597e5e4c7.jpg', '/static/uploads/attachment/c9d647d6-b0c7-4dc7-98a6-632597e5e4c7.jpg', 'jpg', 'image/jpeg', 12700, 'c3e065ee3056a9fa019e7c54b5f0a965', '918a99e1cbad53d859e4071506af9312b420acc4', 1604047000, 1604047000, 0),
	(67, 1, 0, '56644a9f283c058cd371316e186ef48a.png', 'd79d90b9-9ddc-4109-921d-8e493ca03d61', 'D:/Go/src/ccb/static/uploads/attachment/d79d90b9-9ddc-4109-921d-8e493ca03d61.png', '/static/uploads/attachment/d79d90b9-9ddc-4109-921d-8e493ca03d61.png', 'png', 'image/png', 1933, '81f197338df3a7c83d2e43f230cf62b7', '43c46c62d03f563418fd1988d8693fd47df8b4fe', 1604306078, 1604306078, 0),
	(68, 1, 0, 'touxiang.jpg', 'aeed3011-8626-4c36-b232-0390edfa77a5', 'D:/Go/src/ccb/static/uploads/attachment/aeed3011-8626-4c36-b232-0390edfa77a5.jpg', '/static/uploads/attachment/aeed3011-8626-4c36-b232-0390edfa77a5.jpg', 'jpg', 'image/jpeg', 12700, '3834aaf387f027929b4c8aa9e94464de', '9a835d38c9cbd2733945b801bd72c60cbef451c5', 1604307558, 1604307558, 0),
	(69, 1, 0, 'touxiang.jpg', '05bdd082-3858-437e-a439-43c9a3c45280', 'D:/Go/src/ccb/static/uploads/attachment/05bdd082-3858-437e-a439-43c9a3c45280.jpg', '/static/uploads/attachment/05bdd082-3858-437e-a439-43c9a3c45280.jpg', 'jpg', 'image/jpeg', 12700, '4582abadaf3151a77ca4c2b064d57bdc', '1ef9634f6b9c55b0a694f1a0a2995f79ddff95f7', 1604307570, 1604307570, 0),
	(70, 1, 0, 'af79c3b2-e518-47c8-83a4-255b06e722d0.jpg', '85040737-23e4-4d2e-9c32-f021f6760361', 'C:/projetos/Go/bee/ccb-beego/static/uploads/attachment/85040737-23e4-4d2e-9c32-f021f6760361.jpg', '/static/uploads/attachment/85040737-23e4-4d2e-9c32-f021f6760361.jpg', 'jpg', 'image/jpeg', 98544, 'c635a62196d5e3b051b58f031a254f7b', '71d23e9bfcd358d7161cb91d649c0828b17b7697', 1642596815, 1642596815, 0),
	(71, 1, 0, 'dc5d8759-c7c1-4b45-86a6-049b758a33c7.jpg', '015a893e-5fab-4c48-a006-92cbe871ed62', 'C:/projetos/Go/bee/ccb-beego/static/uploads/attachment/015a893e-5fab-4c48-a006-92cbe871ed62.jpg', '/static/uploads/attachment/015a893e-5fab-4c48-a006-92cbe871ed62.jpg', 'jpg', 'image/jpeg', 12700, '8d0666cafd3f00c02c48fcf7b120d8d8', 'f412b8c047f182b481bd88155c58efb8893c0416', 1642596967, 1642596967, 0);
/*!40000 ALTER TABLE `attachment` ENABLE KEYS */;

-- Copiando estrutura para tabela p-med.clientes
CREATE TABLE IF NOT EXISTS `clientes` (
  `id` int(5) unsigned NOT NULL AUTO_INCREMENT,
  `nome` varchar(120) CHARACTER SET latin1 NOT NULL,
  `contato_funcao` varchar(20) CHARACTER SET latin1 DEFAULT NULL,
  `contato_nome` varchar(40) CHARACTER SET latin1 DEFAULT NULL,
  `cgc_cpf` varchar(20) CHARACTER SET latin1 DEFAULT NULL,
  `Razao_social` varchar(100) DEFAULT NULL,
  `inscr_estadual` varchar(20) CHARACTER SET latin1 DEFAULT NULL,
  `endereco` varchar(100) CHARACTER SET latin1 DEFAULT NULL,
  `cidade` varchar(40) CHARACTER SET latin1 NOT NULL,
  `uf` varchar(2) CHARACTER SET latin1 DEFAULT NULL,
  `cep` varchar(9) CHARACTER SET latin1 DEFAULT NULL,
  `telefone1` varchar(20) CHARACTER SET latin1 DEFAULT NULL,
  `telefone2` varchar(20) CHARACTER SET latin1 DEFAULT NULL,
  `telefone3` varchar(20) CHARACTER SET latin1 DEFAULT NULL,
  `email` varchar(60) CHARACTER SET latin1 DEFAULT NULL,
  `obs` varchar(1024) CHARACTER SET latin1 DEFAULT NULL,
  `estado` tinyint(4) DEFAULT '1',
  `preco_base` decimal(6,2) DEFAULT NULL,
  PRIMARY KEY (`id`) USING BTREE
) ENGINE=InnoDB AUTO_INCREMENT=1065 DEFAULT CHARSET=utf8 ROW_FORMAT=DYNAMIC;

-- Copiando dados para a tabela p-med.clientes: ~999 rows (aproximadamente)
/*!40000 ALTER TABLE `clientes` DISABLE KEYS */;
INSERT INTO `clientes` (`id`, `nome`, `contato_funcao`, `contato_nome`, `cgc_cpf`, `Razao_social`, `inscr_estadual`, `endereco`, `cidade`, `uf`, `cep`, `telefone1`, `telefone2`, `telefone3`, `email`, `obs`, `estado`, `preco_base`) VALUES
	(1, 'TELMA', '', ' ', '', NULL, '', 'RUA SÃO CRISTÓVÃO,4399(VIZ. EDF.FUTURO)', '', '', '', '3214-4962', '9981-6365', '', '', '', 1, 0.00),
	(2, 'GLOBO DISTRIBUIDORA BROKER LOG. LTDA', '', ' ', '13006150/0001-54', NULL, '827000620-6', 'RUA O, 17, DIA', '', '', '', '', '', '', '', '', 1, 0.00),
	(3, 'Virgínia [ Iran]', '', ' ', '', NULL, '', '', '', '', '', '', '', '', '', '', 1, 0.00),
	(4, 'SENAC', 'Proprietáro', 'Carlos', '0365.4618/0001-63', 'SERVICO NACIONAL DE APRENDIZAGEM COMERCIAL - SENAC', 'Isento', 'Av. Ivo do Prado, B.São José,564', 'Aracaju', 'SE', '     -', '3217-6028', '', '', '', '', 1, 0.00),
	(5, '3R Confecções Ltda', '', 'Rivaldo/Graça ', '', NULL, '', 'Praça Clodoaldo Alencar,s/n sala3 e 4 Leite Neto', '', '', '', '231-1284', '', NULL, '', '', 1, 0.00),
	(6, 'A Suprema Com. e Ind Ltda', '', 'Regina ', '', NULL, '', 'Rua Laranjeiras, 58 - Centro', 'Aracaju', 'Se', '', '79 231-5241', '', NULL, '', '', 1, 0.00),
	(8, 'AMANDA SIQUEIRA DE LIMA', '', 'FÁBIO ', '05794150/0001-38', NULL, '27-108205-4', 'RUA LUIZ CHARGAS , 44A ATALAIA', 'ARACAJU', 'SE', '', '', '', NULL, '', '', 1, 0.00),
	(9, 'ANARTE', '', 'ANA ', '13.131.222/0001-95', '', '27094057-0', 'Av. Hermes Fontes, 1324', '', '', '     -', '99648-8000', '00248-1918', '', '', '', 1, 0.00),
	(10, 'Academia Maynara', 'Gerente', 'João Batista ', '', NULL, '', '', '', '', '', '251-3034', '', NULL, '', '', 1, 0.00),
	(11, 'ELZA IMPERATRIZ BATALHA DE GOIS (Passo a Passo)', '', 'Elzinha ', '32.711.913/0001-02', NULL, '', 'Av. Jorge Amado, 1055 Galeria Espaço 1055,  - Sl 404, B. Jard', 'Aracaju', 'SE', '     -', '32461-500', '99817-299', '     -', 'academiapassoapasso@hotmail.com', '', 1, 0.00),
	(12, 'Academia Winner', '', 'Bárbara Salomé Costa Pinto', '', NULL, '', 'Av. Mário Jorge Menezes Vieira, 2266 - Corôa do Meio', 'Aracaju', 'Se', '', '255-2562', '9939-9099', NULL, '', '', 1, 0.00),
	(13, 'Acadêmia Galpão', '', 'Marcos', '', '', '', '', '', '', '', '', '', '', '', '', 0, 0.00),
	(14, 'Acàcia Da Ligue taxi', '99540420', ' ', '', NULL, '', '', '', '', '', '', '', NULL, '', '', 1, 0.00),
	(15, 'Agropecuária Aquidabã Ltda', '', '', '', '', '', '', '', '', '', '', '', '', '', '', 0, 0.00),
	(16, 'Agropecuária Vetri Campos Ltda', '', ' ', '32835084/0001-17', NULL, '127681609-7', 'Rua Arquibaldo da Silveira ,36', 'Propriá', 'SE', '', '', '', NULL, '', '', 1, 0.00),
	(17, 'financeiro@algomaisse.com.br', '', '', '', '', '', '', '', '', '', '3217-1726', '', '', '', '', 0, 0.00),
	(18, 'Almerinda Jardins Artigos Vestuários Ltda', 'Gerente', 'Magna ', '', '', '', '', '', '', '', '     -', '     -', '     -', 'almerindajardins@hotmail.com', '', 0, 0.00),
	(19, 'Alvair++++', '', 'Alvair', '', '', '', '', '', '', '', '3252-3038', '', '', '', '', 0, 0.00),
	(21, 'Alves Barreto Comercio e Construções Ltda', '', 'Antônio Carlos ', '13004833/0001-15', '', '27063274-3', 'Rua Manoel de Oliveira Martins /155A', 'Aracaju', 'SE', '', '2107-2623/2600', '', '', '', 'antoniocarlos@alvesbarreto.com.br', 0, 0.00),
	(22, 'Alves Barreto Comércio e Construções Ltda', '', ' ', '13.004.833/0001-72', NULL, '27.063.247-3', 'Rua Manoel de Oliveira Martins, 155', '', '', '', '', '', NULL, '', '', 1, 0.00),
	(23, 'Amv Industria Comércio e Serviços de Confecções Ltda', '', ' ', '07646422/0001-88', NULL, '', 'Av. Antônio Fagundes/ Numero 150', 'Aracaju', 'SE', '', '', '', NULL, '', '', 1, 0.00),
	(25, 'Andre  Amigo de monica da Dal', '', ' ', '', NULL, '', '', '', '', '', '', '', NULL, '', '', 1, 0.00),
	(26, 'Angel Indústria Comércio de confecções Ltda.', '', 'Angélica ', '', '', '', '', '', '', '', '', '', '', '', '', 0, 0.00),
	(27, 'Antonio  do KM', '', ' ', '', NULL, '', '', '', '', '', '', '', NULL, '', '', 1, 0.00),
	(28, 'Apple Confecções', '', 'Paulo ', '', NULL, '', 'Rua João Avila Neto ,54', 'ARACAJU', '', '     -', '23101-54', '99981-7294', '     -', '', 'Próximo a Coca-Cola e ao Extra', 1, 0.00),
	(29, 'Aracaju Plei Antonio', '', ' ', '', NULL, '', '', '', '', '', '', '', NULL, '', '', 1, 0.00),
	(30, 'Aragão Alfaiataria', '', ' ', '', NULL, '', 'Rua Campo do Brito / 1362', '', '', '', '', '', '', '', '\r\n\r\naragaoalfaiate@gmail.com', 1, 0.00),
	(32, 'Ariovaldo Ferreira de Souza Filho', '', 'F Souza ', '00274869/0001-24', NULL, '27088066-6', 'R- Itabaiana, 14 Centro', 'Aracaju', '', '', '', '', NULL, '', '', 1, 0.00),
	(33, 'espass', '', ' ', '12722871572', NULL, '', 'Rua Mª Izabel Oliveira 134,STº Antônio', '', '', '', '', '', '', '', 'A rua inicia em frente ao portão do Hosp. hu', 1, 0.00),
	(34, 'Art-Tec- Serigrafia Ltda', '', 'Rivanda ', '', NULL, '', 'R- Dr Gutemberg Chagas, 502', '', '', '', '231-3566', '9982-9749', NULL, '', '', 1, 0.00),
	(35, 'Assoc. dos Voluntarios a Serv. da Onco em SE', '', ' Avosos', '16219446/0001-41', NULL, 'Isento', 'Rua Leonel Curvelo/ Numero 55', 'Aracaju', 'SE', '49050480', '3212-4700', '', '', 'financeiro@avosos.org.br', 'gustavo@avosos.org.br\r\n\r\nOBS EXISTE OUTRO CNPJ 16219446/0002-22 (eventualmente retira NF neste CNPJ, quando informado, senão utilizar o principal (16219446/0001-41)', 1, 0.00),
	(36, 'Asulitex Ltda', 'Gerente', 'Edilene ', '32.829.277/0001-18', NULL, '27.081.020-0', 'Rua Arauá, 252 - Centro', 'Aracaju', 'Se', '', '6312800/2142888', '', '', '', '9938-1515 ( ANTÔNIO)', 1, 0.00),
	(37, 'Ateliê Sta Rita', '', 'Valdeene ', '', NULL, '', 'R Ananias Azevedo,557-13 de Julho em frente ao Fisk', '', '', '', '3246-0588', '3231-1625', NULL, '', '', 1, 0.00),
	(38, 'Augusto (Leonan)', '', 'Augusto ', '', NULL, '', '', '', '', '', '', '', '', '', '10 % da venda', 1, 0.00),
	(39, 'Aurélio Maggioni', '', 'Mirian ', '01565508/0001-08', NULL, '27093076-0', 'Av Pref. Heraclito Rolemberg, 20 Farolândia', '', '', '', '', '', NULL, '', '', 1, 0.00),
	(40, 'ACAI REPRESENTACOES', '', 'Ana Paula ', '01876315/0001-60', 'ACAI REPRESENTACOES LTDA', 'Isento', 'R- Ronaldo Oliveira 60, Centro', 'Itaporanga', 'SE', '49120-000', '00215-9900', '', '', '', '', 1, 0.00),
	(41, 'BARBOSA SERVICE LTDA', '', 'MÁRCIA ', '05344491/0001-01', NULL, 'ISENTO', 'AV CHANCELER OSVALDO ARANHA 464 1ª ANDAR', 'ARACAJU', '', '49085000', '241-8573', '9962-6480', NULL, '', '', 1, 0.00),
	(43, 'Baluarte', '', 'Tatiane ', '', NULL, '', 'Rua Santa Rosa, 130', '', '', '', '', '', NULL, '', '', 1, 0.00),
	(44, 'Banco do Nordeste Brasil', '', ' ', '', NULL, '', 'Rua 24 de outubro, 370', 'Estância', 'Se', '', '', '', NULL, '', '', 1, 0.00),
	(45, 'Bazar Militar', 'Gerente', 'Fábio ', '', NULL, '', '', '', '', '', '', '', NULL, '', '', 1, 0.00),
	(46, 'Bazar Militar/Elze Fernandes Santos', '', 'Elze ', '03.999.079/0001-02', NULL, '61342-1', 'Rua Argentina, 220, B. América', '', '', '', '', '', NULL, '', '', 1, 0.00),
	(47, 'Bel Toyota', '', ' ', '', NULL, '', '', '', '', '', '32578302', '', NULL, '', '', 1, 0.00),
	(48, 'Belissima', '', 'Josevam ', '201170605-00', NULL, '', 'Rua João Batista Machado  /21  Orlando Dantas', 'Aracaju', 'SE', '     -', ' 3251-2005', '99987-2690', '99956-1265', '', 'Proximo da Pizzaria Bela Massa\r\n\r\njosevamgois@hotmail.com  ', 1, 0.00),
	(49, 'Belle Artes', '', 'Flávio ', '', NULL, '', 'R- Góis 886, S. Campos', '', '', '', '241-8395', '', NULL, '', '', 1, 0.00),
	(50, 'Belo Evento Buffet', '', 'Josiete ', '', NULL, '', 'Av Cesartina Regis, 155, Conj Sol Nascente', '', '', '', '3247-2029-', '9987-0649', NULL, '', '', 1, 0.00),
	(51, 'Benarrós Veículos Ltda', '', 'Rodrigo ', '07234453/0014-46', NULL, '27083298-0', 'Av. Tancredo Neves 5121, Jabotiana', '', '', '', '3259 5252', '', NULL, '', '', 1, 0.00),
	(52, 'Bolsas e Brindes', '', 'Lindete ', '', NULL, '', 'Av Ivo do Prado,1182, Edf Olimpio Campos', '', '', '', '211-4737', '8804-4311', NULL, '', '', 1, 0.00),
	(54, 'Boné & Cia', 'Gerente', 'Jorge ', '', NULL, '', 'Rua Laranjeiras, 6,40, loja 2', '', '', '', '214-3525', '9136-1391', NULL, '', '', 1, 0.00),
	(56, 'Boutique Jardins', '', 'Magna ', '', NULL, '', 'Av. Jorge Amado /1519', '', '', '', '', '', '', '', 'na rua do banco itaú', 1, 0.00),
	(57, 'Boutique Santo Antônio', '', 'Rodrigues ', '', NULL, '', 'Rua Estância 706,', '', '', '', '3211-9819', '', NULL, '', '', 1, 0.00),
	(58, 'Brasil Vigilância Ltda', '', 'Márcia ', '03449835/0001-11', NULL, 'ISENTA', 'Av. Chanceler Osvaldo Aranha , 464, José Conrrado', 'Aracaju', '', '', '', '', NULL, '', '', 1, 0.00),
	(59, 'Brava Segurança e Vigilância Patrimonial Ltda', '', 'Jorge ', '02081574/0001-67', NULL, 'Isento', 'Av. Paulo VI / 516   B. Inacio Barbosa', 'Aracaju', 'SE', '', '', '', NULL, '', '', 1, 0.00),
	(60, 'Brilho no Corpo', 'Gerente', 'Rosane ', '', NULL, '', 'Rua Santa Luzia, 90 - Centro', 'Aracaju', 'Se', '', '214-4293', '', NULL, '', 'Pagamento dia 18', 1, 0.00),
	(61, 'Bubbolito', 'Gerente', 'Gustavo ', '', NULL, '', '', '', '', '', '9978-1962', '', NULL, '', '', 1, 0.00),
	(63, 'CASA DO PANIFICADOR', '', ' ', '13.099.346/0001-30', NULL, '27.051.855-0', 'AV. JOÃO RODRIGUES, 223, B. INDUSTRIAL', 'ARACAJU', '', '', 'Carla', '9926-0148', NULL, '', '', 1, 0.00),
	(64, 'CASSIND CAIXA DE ASSISTÊNCIA DO SINDIFISCO', '', ' ', '04197511/0001-04', NULL, '', 'R-JORNALISTA JOÃO BATISTA DE SANTANA 1914', '', '', '', '', '', NULL, '', '', 1, 0.00),
	(65, 'CCM Colegio coroa do Meio', '', 'Clair ', '', NULL, '', '', '', '', '', '', '', NULL, '', '', 1, 0.00),
	(66, 'CFC Ulisses de Melo Ltda', 'AutoMoto', ' ', '0819408/0001-75', NULL, '', 'Rua Laranjeiras, 1165', 'Aracaju', 'se', '', '', '', NULL, '', '', 1, 0.00),
	(67, 'CIALCompanhia Alagoana de Refrigerantes', 'Compras', 'Xavier ', '08.627.986/0004-89', NULL, '27.100.808-3', 'Rua E, 360 - Distrito Industrial de Aracaju', 'Aracaju', 'SE', '49040-240', '79 2106-4600', '792106-4600', NULL, 'ciresf@constanciovieira.com.br', '', 1, 0.00),
	(68, 'CIMENTO DE SERGIPE S.A - CIMESA', '', ' ', '15.612.930/0016-50', NULL, '27.060.560-6', 'Faz. Brandão S/N', 'Laranjeiras', 'Se', '', '', '', NULL, '', '', 1, 0.00),
	(69, 'CIRESF- Cia de Refrigerantes de São Francisco', 'compras', 'Xavier ', '13.090.600/0001-30', NULL, '27.052.301-4', 'Rua E, 336 - D.I.A.', 'Aracaju', 'Se', '', '79 218-4600', '', NULL, '', '', 1, 0.00),
	(70, 'CLCAN MACHADO E COMPANHIA LTDA', '', 'COLÉGIO S. PAULO ', '05261919/0001-52', NULL, 'ISENTO', 'RUA URQUIZA LEAL,746', 'ARACAJU', '', '', '', '', NULL, '', '', 1, 0.00),
	(71, 'CLUBE DOS EMPREGADOS DA PETROBRAS', '', ' ', '13165782/0001-60', NULL, 'ISENTO', 'AV. MELÍCIO MACHADO S/N KM 18', 'ARACAJU', '', '', '', '', NULL, '', '', 1, 0.00),
	(73, 'COMBEP-Comercial de Bebidas Propriaense Ltda', '', 'Michel ', '', NULL, '', 'R-Dep. jesse Trindade, 549,Bairro Matadouro', 'Propiá', 'SE', '', '(79) 322-1035', '9983-3663', NULL, '', '', 1, 0.00),
	(74, 'COMPANHIA ALAGOANA DE REFRIGERANTE', '', ' ', '08627986/0003-06', NULL, '24070762-1', 'DIST. IND. DE ARAPIRACA,359', 'ARAPIRACA', 'AL', '', '', '', NULL, '', '', 1, 0.00),
	(75, 'COMT- SAÚDE', '', 'JOSE TADEU ', '', NULL, '', 'RUA VEREADOR DEOCLECIOANO RAMOS, 303', '', '', '', '3211-4456', '', NULL, '', '', 1, 0.00),
	(76, 'COND. EDFÍCIO MAISON CHAMPS ELYSEES', '', ' ', '03354095/0001-30', NULL, 'ISENTO', 'AV. BEIRA MAR  13 de Julho  n º 1500', 'ARACAJU', 'SE', '49020-010', '32172-502', '     -', '     -', 'denivaldosantanasantos@hotmail.com', '99946-3210', 1, 0.00),
	(77, 'CONDOMÍNIO EDFÍCIO LE BRISTOL', '', 'EDNA ', '03685036/0001-44', NULL, 'ISENTO', 'AV. PEDRO VALADARES,940, JARDINS', '', '', '', '217-5994', '', NULL, '', '', 1, 0.00),
	(78, 'CONREG - Serviços de Produtos de Informática Ltda.', 'Gerente', 'Débora ', '', NULL, '', 'Rua Dr. Aluízio Braga, 319 - Índio Palentim', 'Aracaju', 'Se', '', '211-5817/1265', '', NULL, '', '', 1, 0.00),
	(79, 'CONTEP SERVIÇOS LTDA   ', '', 'LINDOMAR ', '051362150001-58', '', 'ISENTO', 'R. Riachão, 600 - Getúlio Vargas', 'Aracaju', 'SE', '49055-600', '', '', '', '', '', 1, 0.00),
	(80, 'COOPSET - Cooperativa Sergipana de Trabalho', '', 'Airton ', '', NULL, '', 'Rua José do Prado Franco, 607 - Loja 221-1160', 'Aracaju', 'SE', '', '221-1160', '', NULL, '', '', 1, 0.00),
	(81, 'COSIL HOTÉIS E TURISMO S/A', '', 'EDNA ', '13355060/0001-79', NULL, '27067030-0', 'AV. SANTOS DUMONT 1500, A. VELHA', 'ARACAJU', '', '', '2106-9152', '', NULL, '', '', 1, 0.00),
	(82, 'CW Machado Comércio Ltda ( Lojinha)', '', 'Andréia ', '03.000.543/0001-05', NULL, '27.098.856-4', 'Rua Urquiza Leal, 872, Grageru', '', '', '', '', '', '', '', '', 1, 0.00),
	(83, 'Caliel', '', ' ', '', NULL, '', 'Rua Santa Luzia, 59', '', '', '', '3211-6108', '9946-2761', NULL, '', '', 1, 0.00),
	(84, 'Camisa E Cia', '', 'Rosely ', '', NULL, '', '', '', '', '', '', '', NULL, '', '', 1, 0.00),
	(85, 'Caribe Representaçoes  LTDA', 'JEEP CLUBE', 'Caribe ', '00791302/0001-25', NULL, 'Isento', 'Rua Carlos Correia 399', 'Aracuju- Se', '', '', '32112907', '32142380', NULL, '', '', 1, 0.00),
	(86, 'Carmem Lúcia', '', 'Carmem Lúcia ', '', NULL, '', '', '', '', '', '9953-0871', '', '', '', '', 1, 0.00),
	(87, 'Casa das Fardas Comércio de Confecções Ltda.', '', 'Andrea', '34438853/0004-74', NULL, '27103096-8', 'Av. Hermes Fontes, 516 - Suissa', 'Aracaju', 'SE', '     -', '3213-0972', '3213-7305', '99902-4449', 'aracaju@casadasfardas.com.br', 'Fechamento da ficha:  último dia do mês   Enviar Controle original + pedidos digitado + NF\r\n\r\n\r\nReajuste em: 01/12/2016\r\n', 1, 0.00),
	(88, 'Casa das Tintas Ltda', '', 'Fernandinho ', '13.073.747/0002-00', NULL, '27.087.221-3', 'Av. Ministro Geraldo Barreto Sobral 100 Jardins', 'Aracaju', 'SE', '', '', '', NULL, '', '', 1, 0.00),
	(89, 'Casa das Tintas Ltda.', 'Gerente', 'José Carlos ', '13.073.747/0001-11', NULL, '270043578', 'Av Coelho e Campos, 167 - Centro', 'Aracaju', 'Se', '49010-720', '211-1105', '', '', '', 'cdtcentro@gmail.com', 1, 0.00),
	(90, 'Casa de Apoio [ Avosos]', '', ' ', '', NULL, '', '', '', '', '', '', '', NULL, '', '', 1, 0.00),
	(91, 'Casa de Saúde Santamaria Ltda', '', ' ', '', NULL, '', 'Rua Espírito Santos, 811 - Siqueira Campos', 'Aracaju', 'Se', '', '', '', '', '', '', 1, 0.00),
	(92, 'Casa do Estudante', 'Gerente/Uniformes', 'Edilma ', '', NULL, '', 'Rua Pacatuba, 171 - Centro', 'Aracaju', 'SE', '', '79 211-2422', '', NULL, 'casadoestudante@uol.com.br', '', 1, 0.00),
	(93, 'Casinha da Vovó', 'Gerente', 'Iara ', '', NULL, '', 'Rua Vereador Deocleciano Ramos, 115 - Índio Palentim', 'Aracaju', 'Se', '', '214-2740', '', NULL, '', '', 1, 0.00),
	(94, 'Celi', '', ' ', '', NULL, '', 'Av. General Calazãs, 862 B. Industrial', '', '', '', '', '', NULL, '', '', 1, 0.00),
	(95, 'Centro Educacional José Sebastião do Santos', '', ' ', '13.374.376/0001-08', NULL, 'Isento', 'Av. Augusto Franco   2685   Ponto Novo', 'Aracaju', 'SE', '', '', '', NULL, '', '', 1, 0.00),
	(96, 'Centro de Medicina Integrado de Sergipe', '', 'CEMISE ', '16.456.022/0001-09', NULL, 'Isento', 'Rua- Construtor João Alves, 228  B. São José', 'Aracaju', 'SE', '', '', '', NULL, '', '', 1, 0.00),
	(97, 'Cerveja D´avila', '', 'Selma ', '', NULL, '', '', '', '', '', '99891822', '', NULL, '', 'Valério = 9978 7201', 1, 0.00),
	(98, 'Chiquinho   [  Bone]', '', ' ', '', NULL, '', 'Rua   B2 ,69 Orlando Dantas  Atras do Conselho Tutela', 'Aracaju', 'Se', '', '3251- 3209', '', '', '', '', 1, 0.00),
	(99, 'Chiquinho', '', ' ', '', NULL, '', 'Rua B2 , Nª 69, Bairro Orlando Dantas', 'Aracaju', 'SE', '', '', '', NULL, '', '', 1, 0.00),
	(100, 'Cidoca Bolsas', 'Gerente', 'Cidoca ', '', NULL, '', 'Rua Aristides Bispo 159, Getúlio Vargas', 'Aracaju', 'SE', '', '211-3215', '213- 0440', NULL, 'cidocabolsas@uol.com.br', 'Pagamento no dia 7 de cada mês.\r\nValor de nome individual R$ 2,00', 1, 0.00),
	(101, 'Clube de Engenharia de Sergipe', '', 'Érica ', '13043377/000170', NULL, 'Isento', 'R- Prof. Jugurta Feitosa Franco , 170', '', '', '', '', '', NULL, '', '', 1, 0.00),
	(102, 'Clínica Pimpolho', 'Gerente', 'Tânia ', '', NULL, '', 'Av Desembargador Maynard     -', 'Aracaju', 'Se', '', '211-9333/9561', '', NULL, '', '', 1, 0.00),
	(103, 'Clínica Profemina Ltda', '', ' ', '00128354/0001-16', NULL, 'Isento', 'Av. Pedro Paz de Azevedo    /64', 'Aracaju', 'Se', '', '', '', NULL, '', '', 1, 0.00),
	(104, 'Cobratur', '', ' ', '', NULL, '', '', '', '', '', '', '', NULL, '', '', 1, 0.00),
	(105, 'Col Jose  Olino', '', ' ', '', NULL, '', '', '', '', '', '', '', NULL, '', '', 1, 0.00),
	(106, 'Colegio Esplendor', '', 'Joana ', '', NULL, '', '', '', '', '', '', '', NULL, '', '', 1, 0.00),
	(108, 'Cemitério Parque Colina da Saudade', '', 'VALTER ', '03079294/0001-87', 'CEMITERIO PARQUE COLINA DA SAUDADE LTDA', 'ISENTO', 'HORTÊNCIA CARVALHO SOBRAL , STA LÚCIA 33', 'ARACAJU', 'SE', '49010-040', '3247-3232', '', '', 'colina.saudade@terra.com.br', '', 1, 0.00),
	(109, 'Color Prints', '', 'Eneida ', '', NULL, '', 'Rua Capela, 249, Centro', 'Aracaju', 'Se', '', '', '', NULL, '', '', 1, 0.00),
	(110, 'Colégio Amadeus Ltda', 'Coordenadora', 'Selma ', '32825952/0001-30', NULL, 'Isento', 'Rua Estância, 1003 - Centro', 'Aracaju', 'Se', '', '', '', NULL, '', '', 1, 0.00),
	(111, 'Colégio Instituto Dom Fernando Gomes', '', ' ', '', NULL, '', 'Praça Dom José Thomaz s/ número S Campos', '', '', '', '3241-5005', '', NULL, '', '', 1, 0.00),
	(112, 'Companhia  Vale do Rio Doce', '', ' ', '33592.510-0443/64', NULL, '27.081.399-3', 'Rodovia SE 206 Km 0 - Santa Bárbara', 'R. do Catete', 'Se', '', '', '', NULL, '', '', 1, 0.00),
	(113, 'Companhia dos Uniformes', '', 'Oliveira ', '', NULL, '', 'R- Acre , 578, S. Campos', '', '', '', '8135-4124', '', NULL, '', '', 1, 0.00),
	(114, 'Comreg Serviços e Produtos Educacional e Tecnologicos Ltda', '', 'Arouchi ', '32853178/0001-71', NULL, 'Isento', 'R Dr. Aluizio Braga ,319, B Índio Paletim', 'Aracaju', '', '', '', '', NULL, '', '', 1, 0.00),
	(115, 'Conarte Cons. e Serv de Seg. Med. do Trabalho', '', ' ', '07798650/0001-73', NULL, 'Isento', 'Rua Cel Stanley da Silveira, 258', 'Aracaju', '', '', '3211-8920', '', NULL, '', '', 1, 0.00),
	(116, 'Concessionária Entre Rios Indústria eComércio LTDA', '', ' ', '07.453.063/0001-42', NULL, '27.113.892-0', 'Sítio São Luiz , Zona Rural s/n  Povoado- Grotão', 'Estância', 'SE', '', '', '', NULL, '', '', 1, 0.00),
	(117, 'Concorde Veículos', '', ' ', '13144308/0001-52', NULL, '827054211-6', 'Rod. BR-101 - Km 4', 'N.Sra.do Socorr', 'SE', '', '', '', NULL, '', '', 1, 0.00),
	(118, 'Cond. Centro de Saúde Prof. José Augusto Barreto', '', 'Priscila ', '03147041/0001- 01', NULL, 'Isento', 'Av. Goncales Prado Rolemberg  / Numero 211', 'Aracaju', 'SE', '', '', '', NULL, '', '', 1, 0.00),
	(119, 'Cond. Resid. Luar da Praia', '', 'David ', '09.236.842/0001-11', NULL, 'Isento', 'Av. Maria Pastora, 260', 'Aracaju', 'SE', '', '', '', NULL, '', '', 1, 0.00),
	(120, 'Cond. Residencial Amintas Garcez', '', ' ', '32845026/0001-27', NULL, '', 'R- Dr. José Luciano Siqueira', '', '', '', '', '', NULL, '', '', 1, 0.00),
	(121, 'Cond. Unique Jardins Residência', '', ' ', '09.356.237/0001-84', NULL, 'isento', 'Rua- Lourival Chagas, 161', '', '', '', '', '', NULL, '', '', 1, 0.00),
	(122, 'Condominio Parque Residencial Vale dos Lagos', '', ' ', '32901209/0001-12', NULL, 'Isento', 'R-Construtora Cunha, 69, Jardim Jussara', '', '', '', '214-4392', '', NULL, '', '', 1, 0.00),
	(123, 'Condomínio Côte D´Azur', 'Cíndica', 'Marly ', '32882706/0001-10', NULL, 'Isento', 'Rua M nª 55, Bairro Luzia', '', '', '', '217-6571', '9971-4360', NULL, '', '', 1, 0.00),
	(124, 'Condomínio Edifisio Bourgogne', '', ' ', '07330802/0001-09', NULL, 'isento', 'Travessa B           N 56', '', '', '', '', '', NULL, '', '', 1, 0.00),
	(125, 'Condomínio Edifício Le Jardins', '', 'Cristina Machado ', '0606.8675-0001/59', NULL, 'Isento', 'Av. Deputado Silvio Teixeira,952 Bairro. Jardins', 'Aracaju', 'SE', '', '3231-8750', 'Cel-9995-3697', NULL, '', '\r\nPreço=5,00', 1, 0.00),
	(126, 'Condomínio Jardim das Palmeiras', '', ' ', '32845745/0001-48', NULL, 'Isento', 'Av Gonçalves Soares 30 Luzia', 'Aracaju', 'SE', '', '219-1098', '', NULL, '', '', 1, 0.00),
	(127, 'Condomínio Port Saint Thomaz', '', ' ', '32752784/0001-09', NULL, 'Isento', 'R-Senador Rolembergue ,59', 'Aracaju', '', '', '', '', NULL, '', '', 1, 0.00),
	(128, 'Condomínio Residencial  Vênus', '', ' ', '04901614/0001-03', NULL, 'Isento', 'Av. Silvio Teixeira', 'Aracaju', 'SE', '', '', '', NULL, '', '', 1, 0.00),
	(129, 'Condomínio Riviera', '', 'Antônio Carlos ', '32.834.038/0001-56', NULL, 'Isento', 'Rua-Homero Oliveira,325 13 de Julho', 'Aracaju', 'SE', '', '2107-2623', 'Cel.9192-3031', NULL, '', 'Foi bordado 24 peças, retiramos o bolso.\r\nPreço-4,00', 1, 0.00),
	(130, 'Condomínio Wembley Park', '', ' ', '03979793/0001-20', NULL, 'Isento', 'Av. Deputado Silvio Teixeira/ 990 / Grajerú.', 'Aracaju', 'Se', '', '', '', NULL, '', '', 1, 0.00),
	(132, 'ADN Uniformes', 'Gerente', 'Álvaro Sérgio ', '', NULL, '', 'Rua Santa Luzia   146 centro', '', '', '49010310', '3211-7792', '9972-8517', '', 'adnuniformes2017@gmail.com', 'Pagamento dia 25 \r\nForma de pagamento\r\nR$ 800,00 ( dividir 2 vezes)\r\nA partir de R$ 800,00 ( dividir para 3 vezes)\r\n\r\n\r\n3021-4065', 1, 0.00),
	(133, 'Constat Consul. e Aud. Medico Hosp. e Atend. Domiciliar Ltda', '', 'Fernanda ', '03976760/0001-27', NULL, 'Isento', 'Rua Campo do Brito / 175   ( B. Saõ Jose|', '', '', '', '', '', NULL, '', '', 1, 0.00),
	(134, 'Construtora do Nordeste Ltda', '', ' ', '13005178/0001-77', NULL, '27004261-0', 'R- Bazilío Rocha, 109', '', '', '', '', '', NULL, '', '', 1, 0.00),
	(135, 'Contrutora Celi Ltda', '', 'Acácia ', '13.031.257/0001-52', NULL, '2731-0', 'AV Gal Calazans , 862 Industrial', '', '', '', '', '', NULL, '', '', 1, 0.00),
	(136, 'Corsal', 'compras', 'Marivalda ', '', NULL, '', 'Rua O, sn - B. Industrial', 'Aracaju', 'Se', '', '214-4580', '', NULL, '', '', 1, 0.00),
	(137, 'Cred Amigo', '', ' ', '', NULL, '', 'Rua 24 de outubro, 370', 'Estância', 'Se', '', '', '', NULL, '', '', 1, 0.00),
	(138, 'DCD PIAF Fernando', '', 'Fernando ', '', NULL, '', '', 'Aracaju', '', '', '3214-2322', '99811083', '', '', 'dorasiqueira@yahoo.com.br', 1, 0.00),
	(139, 'DR. Savíl', '30435943', ' ', '', NULL, '', '', '', '', '', '', '', NULL, '', '', 1, 0.00),
	(140, 'Dal Empreendimento e Serviços Ltda', '', ' ', '01422254/0001-60 ', NULL, '27092273-3', 'Rua João Ávila Neto', 'Aracaju', 'SE', '', '', '', '', '', '', 1, 0.00),
	(141, 'Daniel [ chileno]', '', 'Daniel ', '', NULL, '', '', '', '', '', '', '', NULL, '', '', 1, 0.00),
	(142, 'Diagnose Médico Hospitalar', '', 'Jusara ', '13.356.779/0001-24', NULL, 'ISENTO', 'Rua Campos 671, S. JOSÉ', '', '', '', '3212-4600', '', '', '', 'Monique 8162-3396/2105-2523', 1, 0.00),
	(143, 'Disloc  Eduardo', '', ' ', '', NULL, '', '', '', '', '', '98874-3374', '', '', '', 'disloc@uol.com.br', 1, 0.00),
	(144, 'Distribuidora Couber LTDA', '', 'Alexandre ', '01727277/0001-83', NULL, '27093569-0', 'Rua Bahia, S. Campos  191', 'Aracaju', 'SE', '', '', '', NULL, '', '', 1, 0.00),
	(145, 'Dom Quixote', 'Sócio', 'Pedro ', '', NULL, '', 'R- Duque de Caxias,219, B. São josé', '', '', '', '214-2828', '', NULL, '', '', 1, 0.00),
	(146, 'Domingos', 'Vendedor', 'Domingos ', '', NULL, '', '', '', '', '', '211-3432', '217-7066', NULL, '', 'Débito   R$ 30,00(24/ 02/01', 1, 1.00),
	(148, 'MARIA AUXILIADORA GOUVEIA FARIAS', 'Proprietária', 'Dora ', '58733302553   ', NULL, 'inseto', 'Travesa São Miguel /12A  Getulio Vargas', '', '', '49055640', '7932228044', '', '', '', 'dora_gouveia@hotmail.com\r\nEmpresa Av Mamede Paes Mendonça( Antiga Sete de Setembro,916,entre a Pedro Calazans e Riachão)\r\n\r\nreajuste 01/052017( Entre 10 a9%)   ', 1, 0.00),
	(149, 'Drogalar Farmácia e Drugstore', '', ' ', '02252904/0001-30', NULL, '27.095.590-9', 'Rua Itabaianinha, 250 - Centro', 'Aracaju', 'Se', '', '', '', NULL, '', '', 1, 0.00),
	(150, 'Duas Rodas', '', ' ', '', NULL, '', '', '', '', '', '35222300', '', NULL, '', '', 1, 0.00),
	(151, 'Duas Rodas Nordeste Indústria de Alimentos Ltda.', '', ' ', '04764392/0001-16', NULL, '27105397 - 06', 'Rua B, Quadra 2   S/N', 'Estancia', 'SE', '', '', '', '', '', '', 1, 0.00),
	(152, 'Dulce [ Bugio]', '', ' ', '', NULL, '', '', '', '', '', '', '', NULL, '', '', 1, 0.00),
	(153, 'ELIANE', '', ' ', '', NULL, '', '', '', '', '', '', '', NULL, 'alfsemtfilho@ig.com.br', '', 1, 0.00),
	(154, 'ESPAÇO MARKETING EVENTOS LTDA', '', 'Izabel', '01340555/0001-45', NULL, '', 'RUA LARANJEIRAS, 830, CENTRO', 'Aracaju', 'SE', '     -', '     -', '     -', '     -', '', '', 1, 0.00),
	(155, 'ESV Empresa Sergipana de Vigilância Ltda', '', 'Edna ou André ', '16.208.738/0001-89', NULL, 'Isento', 'Rua Ribeirópolis  No1353', 'Aracaju', 'SE', '', '3214-4132', '', '', '', 'ANDRÉ 9988 0992\r\n\r\ncontroledequalidade.esv@hotmail.com ( André)', 1, 0.00),
	(156, 'Ecos Comunicação Ltda.', '', 'Luiz ', '05782712/0001-23', NULL, 'Isento', 'Rua Professor Joaquim Cardoso', 'Aracaju', 'SE', '', '', '', NULL, '', '', 1, 0.00),
	(157, 'Edilza [ Simao Dias]', '', ' ', '', NULL, '', '', '', '', '', '', '', NULL, '', '', 1, 0.00),
	(158, 'Edna Sobral', '', 'Edna Sobral', '', NULL, '', 'Rua Icaraí, 25 - Atalaia', 'Aracaju', 'Se', '', '3043-0605', '', NULL, '', '', 1, 0.00),
	(159, 'Eldorado Center', '', 'Wellington ', '', NULL, '', 'Rua Lagarto, 153 - Centro', '', '', '', '211-2784/9573', '', NULL, '', '', 1, 0.00),
	(160, 'Elze Fernandes Santos', '', 'D. Elze ', '', NULL, '', 'Rua Argentina, 220 - Casa - Bairro América', 'Aracaju', 'SE', '49080-080', '259-6462', '', NULL, '', '', 1, 0.00),
	(161, 'Embacir Distr. de Bebidas e Alimentos Ltda.', 'Compras', 'Marivalda ', '', NULL, '', 'Av. João Rodrigues, 448 - B. Industrial', 'Aracaju', 'Se', '', '214-4580', '', NULL, '', 'Débito R$ 280,00\r\n50 Bone\'Café Camponês\r\n15 Bolsas C. DAVILA 14cm\r\n10 Blusas C. DAVILA 24cm', 1, 0.00),
	(162, 'Empresa Raio de Sol', 'Gerente', 'Vânia ', '', NULL, '', 'Tv Carlos Burlamarque, 287 - Getúlio Vargas', 'Aracaju', 'SE', '', '', '', NULL, '', '', 1, 0.00),
	(163, 'Empório By Rosita', '', 'Késia/Rose ', '', NULL, '', 'Rua Lagarto, 1840', '', '', '', '', '', NULL, '', '', 1, 0.00),
	(164, 'Escritório Reg. de Procur. e Assistência Contábil', '', ' ', '13086723/0001-05', NULL, 'ISENTO', 'R- Pacatuba, 327, Centro', '', '', '', '', '', NULL, '', '', 1, 0.00),
	(165, 'Escrotorial Informática Ltda', '', 'Adrianne ', '32886350/0001-93', NULL, '27085180-1', 'Av Acrisio Cruz 567 Salgado Filho', 'Aracaju', '', '', '246-1528', '', NULL, '', '', 1, 0.00),
	(166, 'Esplendor Uniformes', '', ' ', '', NULL, '', 'Rua Santa Rosa ,138', '', '', '', '', '', NULL, '', '', 1, 0.00),
	(167, 'Estética Integrada', '', ' ', '', NULL, '', 'R. Leopoldo Mesquita , 77, Grageru', '', '', '', '', '', NULL, '', '', 1, 0.00),
	(168, 'Euvira', '', 'Euvira ', '', NULL, '', '', '', '', '', '217-8909', '', NULL, '', '', 1, 0.00),
	(169, 'Euvira ( Maurício)', '', ' ', '', NULL, '', 'Travessa I, 161, Bairro Atalaia ( Prox. Praça Durval Andr', '', '', '', '', '', NULL, '', '', 1, 0.00),
	(171, 'FAPSE-Fundação de Apoio à Pesquisa e Extensão de Sergipe', '', ' ', '97500037/0001-10', NULL, 'Isento', 'Rua Lagarto, 952 - Centro', 'Aracaju', 'Se', '', '2106-8900', '', '', '', '', 1, 0.00),
	(172, 'FBHC Hospital Cirurgia', '', 'Ricardo ', '13016332/0001-06', NULL, 'Isento', 'Av. Desembargador Maynard,174', 'Aracaju', 'SE', '', '', '', NULL, '', '', 1, 0.00),
	(173, 'FLF Comércio Ltda', '', 'Wesley ', '32861668/0001-10', NULL, '27083155-0', 'AV. ENGENHEIRO GENTIL TAVARES DA MOTA 831', 'ARACAJU', 'SE', '', '', '', NULL, '', '', 1, 0.00),
	(174, 'FLÁVIO', '', ' ', '', NULL, '', '', '', '', '', '9134-3033', '', NULL, '', '', 1, 0.00),
	(175, 'Factel Eletrônica', '', ' ', '', NULL, '', 'Av Des. Maynard 672- Cirurgia', '', '', '', '214- 3424', '', NULL, '', '', 1, 0.00),
	(176, 'Farmácia Souza', 'Sócia', 'Eugênia ', '', NULL, '', 'Rua Itabaiana, 1015, B. São José', 'Aracaju', '', '', '', '', NULL, '', '', 1, 0.00),
	(177, 'FotoSom', '', 'Geraldo ', '', NULL, '', 'R- João Pessoa ,284 , Centro', 'Aracaju', '', '', '3214-0553', '', '', '', '', 1, 0.00),
	(178, 'Franca Serviços de Vigilância e Seg. Patrimonial Ltda', '', 'Luis ', '32.834.491/0001-62', NULL, 'Isento', 'Av Edézio Vieira de Melo 1293', 'Aracaju', '', '', '', '', NULL, '', '', 1, 0.00),
	(179, 'Frutebe-SA', '', 'Evandro ', '02779781/0001-90', NULL, '27.097.216-1', 'Rod. BR 101, Km 99, Pov. Quissamã', 'São Cristovão', 'SE', '', '', '', NULL, '', '', 1, 0.00),
	(180, 'Frutisa S/A', '', 'selma  SERIGI ', '', NULL, '', 'Av. João Rodrigues, 448 - Bairro Industrial - 218-1404', 'Aracaju', 'SE', '', '218-1404', '', NULL, '0800-790-195', '', 1, 0.00),
	(181, 'Fundacao Hospitalar de Rio Real', '', 'Hermano ', '14.304661/0001-15', NULL, 'Isento', 'Pça M. Florival', 'Rio Real', 'Ba', '', '75-3426-1242', '9993-6415', NULL, '', '', 1, 0.00),
	(182, 'Fundação São Lucas', '', 'Fátima São Lucas ', '15083884/001-62', NULL, 'Isento', 'Av Estanlei Silveira, São José ,73', 'Aracaju', '', '', '213-1115', '', NULL, '', '', 1, 0.00),
	(183, 'FÁBRICA DE GELO SERGIPE LTDA', '', ' ', '04731712/0001-31', NULL, '27105529-4', 'R- F SUPER QUAD. 1, QUADRA A GALPÃO 08', 'ARACAJU', '', '', '', '', NULL, '', '', 1, 0.00),
	(184, 'Fátima Oliveira Santos (Balluarte)', 'Gerente', 'Fátima ou Pinto ', '', NULL, '', 'Rua José do Prado Franco, 521 - Centro', '', '', '', '211-9028', '', NULL, '', '', 1, 0.00),
	(185, 'GEBRA BRASILEIRA GERADORA DE ENERGIA LTDA', '', 'Vasco ', '', NULL, '', 'Rodov. Tivaldo Suruagy, Km 12 Maceió', 'Aracaju', 'Se', '', '214-7010', '9137-8050', NULL, 'vascoliborio@globo.com', '', 1, 0.00),
	(186, 'UNIVEST COOPERATIVA DE VESTUARIOS DE SERGIPE (Gino Benotti)', '', ' ', '05.979.537/0001-69', NULL, '', 'AVENIDA SAO CRISTOVAO, 4185 CONJ ORLANDO DANTAS', 'Aracaju', 'Se', '49042-230', '', '', '', 'araujo@coopevest.com.br', 'A última avenida entrando no Orlando Dantas\r\nFechamento no final do mês: Enviar Cópia do controle + pedidos digitado + NF\r\nENTREGA EX: CHEGA NA SEGUNDA PELA MANHÃ 500 BOLSOS SERÁ ENTREGUE \r\nNA QUARTA FEIRA \r\nFINAL DE SEMANA: COMBINAR COM TEREZINHA  ENTREGA NA SEGUNDA UM QUANTIDADE\r\n\r\n\r\nReajuste dia 01/05/2017', 1, 0.00),
	(187, 'GPF GENILSON CONFECÇÕES', '', 'Genilson ', '', NULL, '', 'AV SÃO PAULO 1266', '', '', '', '3236-1174', '9982-2679', NULL, '', '', 1, 0.00),
	(188, 'Galeria Villas-Boas', '', 'Tereza ', '', NULL, '', 'Av Pedro Calazans, 978 - Centro', 'Aracaju', 'Se', '', '9978-8483', '', NULL, '', '', 1, 0.00),
	(189, 'Galiel', '', ' ', '', NULL, '', 'Rua  Santa Luzia 58', '', '', '', '', '', NULL, '', '', 1, 0.00),
	(190, 'Geilsa/Soldadinho de Jesus', '', 'Geilsa ', '', NULL, '', '', '', '', '', '251-2508', '', NULL, '', '', 1, 0.00),
	(192, 'Global Service Ltda', '', ' ', '03866087/0001-72', NULL, 'Isento', 'Av. Desembargador, 831', 'Aracaju', '', '', '', '', NULL, '', '', 1, 0.00),
	(194, 'Grandes Marcas', 'compras', 'Marivalda ', '', NULL, '', 'Rua Capela, 375 - Centro', 'Aracaju', 'Se', '', '214-4580', '', NULL, '', '', 1, 0.00),
	(195, 'Graças Transportes Coletivos', 'Gerente', 'Malu ', '', NULL, '', 'Rua Roberto de Moraes, 91 - Santos Dumont', 'Aracaju', 'Se', '', '245-3214', '', NULL, '', '', 1, 0.00),
	(196, 'Gráfica Editora J. Andrade', '', 'Andréia ', '13.007.646/0001-42', NULL, '27.003.760-8', 'Rua Lagarto, 322, Centro', '', '', '', '211- 1717', '', NULL, '', '', 1, 0.00),
	(197, 'Gutaju', '', ' ', '', NULL, '', '', '', '', '', '', '', NULL, '', '', 1, 0.00),
	(198, 'HERIBALDO', '', ' ', '', NULL, '', '', '', '', '', '', '', '', '', 'A PORCENTAGEM DE VENDA É DE 10%', 1, 0.00),
	(199, 'Helper Representações Industrial Ltda', '', 'Márcio ', '96703251/0001-01', NULL, 'Isento', 'Av. Francisco Drumond Loja 3', 'Camaçari', 'BA', '', '8814 68 92', '', NULL, '', '', 1, 0.00),
	(200, 'Hospital da Polícia Militar', '', 'Eduardo ', '13085576/0001-40', NULL, 'Isento', 'Av. Minas Gerais s/n', 'Aracaju', '', '', '', '9988-8515', NULL, '', '', 1, 0.00),
	(202, 'Hotel Fazenda Boa Luz', '', 'Elizabeth ', '02777550/0001-47', NULL, '27097806-02', 'BR- 235 KM 16', 'Laranjeiras', 'SE', '', '', '', NULL, '', '', 1, 0.00),
	(203, 'Hotel Fazenda Boa Luz Ltda', '', ' ', '02777550/0001-47', NULL, '27097806-2', 'Kilômetro 16,BR235, Zona Rural', 'Laranjeiras', 'SE', '', '', '', NULL, '', '', 1, 0.00),
	(204, 'House Decor', '', 'Ilka ', '', NULL, '', 'Praça Gracho Cardoso ,95 São José', '', '', '', '211-1153', '', NULL, '', '', 1, 0.00),
	(205, 'Hélio', '', ' ', '', NULL, '', 'Rua Jane Bomfim, 1309, Santos Dumont', 'Aracaju', '', '', '245-3967', '9984-6395', NULL, '', '', 1, 0.00),
	(206, 'Hélio Rocha Bitencout', '', 'Hélio Bitencout', '', NULL, '', 'Rua Jane Bonfim, 1309 - Santos Dumont (próximo ao SESI)', '', '', '', '245-3967', '9984-6395', NULL, '', '', 1, 0.00),
	(207, 'ICASE', '', ' ', '13173117/0001-19', NULL, 'ISENTO', 'R- RIACHUELO SÃO JOSÉ,965', '', '', '', '', '', NULL, '', '', 1, 0.00),
	(208, 'IMASC ? Dr. Fernando', '', ' ', '', NULL, '', '', '', '', '', '', '', NULL, '', '', 1, 0.00),
	(209, 'INSTITUTO LUCIANO BARRETO JÚNIOR', '', ' ', '05547777/0001-94', NULL, 'ISENTO', 'AV BARÃO DE MARUIM  442', 'ARACAJU', '', '', '3224-2323', '', NULL, '', '', 1, 0.00),
	(210, 'Igreja Presbiteriana Independente de Aracaju', '', ' ', '13.125.562/0001-03', NULL, 'Isento', 'Av. Simião Sobral, 864 B-STª Antônio', 'Aracaju', 'SE', '', '', '', NULL, '', 'Foi bordado no valor de 6,50', 1, 0.00),
	(211, 'Ilha Comunicação Ltda', '', 'ADSON ', '04092206/0001-40', NULL, 'Isento', 'Rua ESTÂNCIA  N 133, Sala 2, Centro', 'Aracaju', '', '', '9976-0817', '', NULL, '', '', 1, 0.00),
	(212, 'Industria e Comércio de Produtos Láctos Ltda.', '', ' ', '04891916/0001-30', NULL, '27106177-4', 'Rodovia João Paulo 2 Km 10 / Bairro Zona Rural', 'Campo do Brito', 'SE', '', '', '', NULL, '', '', 1, 0.00),
	(213, 'Indústria Gráfica Tribuna de Aracaju Ltda', '', 'Sueli ', '', NULL, '', 'R Cláudio Batista, 3334 Sto Antônio', '', '', '', '215-32009', '', NULL, '', '', 1, 0.00),
	(214, 'Indústria de Uniformes Sempre Igual Ltda', 'Proprietário', 'Jurandi ', '03507112/0001-21', NULL, '27099814-4', 'Av. Major Aureliano, 560 B. Santos Dumont', 'Aracaju', 'SE', '', '', '', NULL, '', 'pagamento  dia 05 de cada mes', 1, 0.00),
	(215, 'Indústrias Gois & Barreto Ltda', '', 'Iara ', '03.936.104/0001-09', NULL, '27.101.471-7', 'Av. João Lima da Silveira S/N - B. Alagoas', 'Estância', 'Se', '49200-000', '522-2986', '', NULL, '', '', 1, 0.00),
	(216, 'Instituto Rodolfo Neirotti de Gere. e Pesquisa Ltda (Hospital Coração)', '', 'Newerton ', '03.222.051/0001-56', NULL, 'Isento', 'Rua Campos   No 75', 'Aracaju', 'SE', '49015-220', '2106-5522', '2106-5518', '', 'financeiro@hospitaldocoracao-se.com.br', 'Nayra Diretoria\r\nFinanceiro 2106-5525\r\n*Imposto diferente', 1, 0.00),
	(217, 'Instituto de Tecnologia e Pesquisa Itp.', '', 'Júlio ', '02.886.710/0001-96', NULL, 'Isento', 'Av. Murílo Dantas    Nª  300', 'Aracaju', 'Se', '', '3218-2190', '', NULL, '', '', 1, 0.00),
	(218, 'Isaura', '', ' ', '', NULL, '', '', '', '', '', '3251-2017', '', NULL, '', '', 1, 0.00),
	(219, 'Izaura', '', ' ', '', NULL, '', 'Av. São Cristovão  / 4265 ( Orlando Dantas) Prx.Ajilmax', '', '', '', '99979-2304', '3251-2017', '', '', 'izaurapaixao@oi.com.br', 1, 0.00),
	(221, 'JLF Comércio e Srviço Ltda', '', ' ', '04788625/0001-10', NULL, '27105558-8', 'R D. Pedro II 54 Ponto Novo', '', '', '', '', '', NULL, '', '', 1, 0.00),
	(222, 'JLM Representações e Serviços', '', ' ', '32747487/0001-67', NULL, '', 'Av São João Batista  583 Ponto Novo', '', '', '', '', '', NULL, '', '', 1, 0.00),
	(223, 'JR Fardamentos Profissionais Ltda', '', 'Júnior ', '07553672/0001-73', NULL, '', 'Rua Bahia 1528  Rio Branco', '', '', '', '98110527', '', '', '', 'Clovis 99049169', 1, 0.00),
	(224, 'Jacy Mary Moura dos Santos', '', 'Pref.SãoCristovao ', '00574819/0001-62', NULL, '27089218-4', 'Praça Getúlio Vargas -53', 'São Cristovão', '', '', '', '', NULL, '', '', 1, 0.00),
	(226, 'Jailson Gomes de Menezes', '', ' ', '', NULL, '', 'Av Agusto Franco 1799A Getúlio Vargas ', 'Aracaju', '', '', '3221-1509', '', '', '', 'Cliente não aceita nota ', 1, 0.00),
	(227, 'Juli e Santos Comercial Ltda  ', 'Propietário', 'Santos ', '04.112.214/0001-00', NULL, '27.101.897-6', 'Av. Gonçalo Rolemberg, 1850', 'Aracaju', 'SE', '49.015-23', '211-1800', '9956-6808', '', '', 'Valor:  Amadeus 2,50 + nome 3,50\r\n          Nome individual = R$ 2,00\r\n          Nome no Logo = Acresceta R$ 1,00\r\n          Nome + Espec no  Logo = Acrescenta R$ 1,50', 1, 0.00),
	(228, 'Jalecos e Cia', '', 'Santos ', '', NULL, '', 'Av. Hermes Fonte / 1890', '', '', '     -', '30413-979', '33027-567', '     -', '', 'Reajuste dia 01/ maio 2017em média 10%', 1, 0.00),
	(229, 'Jo [ Leonan]', '', ' ', '', NULL, '', '', '', '', '', '', '', NULL, '', '', 1, 0.00),
	(230, 'Joane', '', 'Joane ', '', NULL, '', '', '', '', '', '243-2499', '', NULL, '', '', 1, 0.00),
	(231, 'Joseilma', '', ' ', '', NULL, '', 'Rua Antônio Vieira de Menezes  / 110 / Jardim Baiano  Rua B', 'Aracaju', 'SE', '     -', '99940-4959', '     -', '     -', '', 'Atrás do instituto de identificação ( aonde tira identidade )', 1, 0.00),
	(233, 'José Augusto Trindade', '', ' ', '', NULL, '', 'AvFrancisco Moreira801,Cond.Jardim das Orquídeas,B-A Apto304', '', '', '', '9137-7657', '219-1007', NULL, '', '', 1, 0.00),
	(234, 'Jucá Adriano Silva Melo-ME', '', 'Jucá ', '', NULL, '', 'Rua Itabaianinha, 16 - Centro', 'Aracaju', 'SE', '', '3041-7049', '9963-4689', NULL, '', '', 1, 0.00),
	(235, 'JÚLIO ALGO MAIS', '', 'MÁRCIA ', '', NULL, '', 'RUA MARCONDES FERAZ, 33', 'ARACAJU', 'SE', '', '', '', NULL, '', '', 0, 0.00),
	(236, 'KAU UNIFORMES', '', ' ', '', NULL, '', 'AV. AUXILIAR 1 CONJ. FERNANDO COLOR', '', '', '', '3254-2927', '', NULL, '', '', 1, 0.00),
	(237, 'Katia { Colegio Explendod]', '', ' ', '', NULL, '', '', '', '', '', '', '', NULL, '', '', 1, 0.00),
	(238, 'Ken Confecções', '', 'Rose ', '', NULL, '', 'Rua. alagoas, 957  Enfrente Antiga Garagem da Sao Petro', 'aracaju', 'se', '', '', '', '', '', 'Valor dos simbolos R$3,50\r\nrose_kenconfeccoes@hotmail.com ', 1, 0.00),
	(239, 'LC Coulds Ltda', 'Gerente', 'Laurindo ', '', NULL, '', 'Rua Capitão Salomão, 282 - centro', 'Estância', 'Se', '49', '522-2423', '9978-0524', NULL, 'laurindo@netdados.com.br', '', 1, 0.00),
	(240, 'LUZAL SilkScreen', 'Gerente', 'Fábio Leão', '', NULL, '', 'Rua Gararu, 968 - Cirurgia', 'Aracaju', 'Se', '', '213-7496', '9961-2080', NULL, 'luzal@infonet/luzalsilk@bol.co', '', 1, 0.00),
	(241, 'La Onda', 'Gerente', 'Tarsilo ', '', NULL, '', '', '', '', '', '', '', NULL, '', '', 1, 0.00),
	(242, 'Ladieslau Estévão Milet Neto( Washtec Tigimento de Roupas Usadas)', '', ' ', '', NULL, '', 'Rua São Cristovão , 439, Centro', 'Aracaju', 'S', '', '99816402', '', NULL, '', '', 1, 0.00),
	(243, 'Laura[Fernandes]', '', ' ', '', NULL, '', '', '', '', '', '', '', NULL, '', '', 1, 0.00),
	(244, 'LaveVip', '', ' ', '', NULL, '', '', '', '', '', '', '', NULL, '', '', 1, 0.00),
	(245, 'Layons Ateliê', '', 'SUELI ', '', NULL, '', 'Av. Canal 5   / 579/ Augusto Franco/ Proximo ao Banese', 'Aracaju', 'Se', '', '3248-6308', '', NULL, '', '', 1, 0.00),
	(246, 'Lene', '', ' ', '', NULL, '', 'Rua Alagoas,1341,vizinho a farmácia Rodrigues', '', '', '', '', '8811-6551', '', '', '', 1, 0.00),
	(247, 'Lente Visual', '', 'Lindiane ', '', NULL, '', 'Rua Laranjeiras / 608', '', '', '', '', '', NULL, '', 'Esquina com Lagarto', 1, 0.00),
	(248, 'Leonam', '', 'Manoel ', '', NULL, '', '', '', '', '', '', '', NULL, '', '', 1, 0.00),
	(249, 'Lipe Centro', '', 'Geovana ', '', NULL, '', 'Rua Gerú, 318 - Centro - 224-7904 / 214-1904', '', '', '', '224-7904', '214-1904', NULL, '', '', 1, 0.00),
	(250, 'Catari', 'Gerente', 'Catari de Cássia Avancini', '', NULL, '', 'Rua Itabaiana, 567 - centro', 'Aracaju', 'SE', '     -', '99981-1409', '     -', '     -', '', '', 1, 0.00),
	(251, 'Lucia [G Barbosa]', '', ' ', '', NULL, '', '', '', '', '', '', '', NULL, '', '', 1, 0.00),
	(252, 'Maria Lúcia Santos Rocha Cariri', '', ' Gbarbosa', '170.191.685-15', NULL, '', 'Rua Prof. Manoel Franco Freire,29 JK', '', '', '', '', '', '', '', 'FORMA DE PAGAMENTO\r\n30 DIAS TRABALHADO + 60 DIAS PARA PAGAR\r\nEX: FECHA NO DIA 30/01/07  ( PAGAMENTO 15/03/07)\r\nFOI NEGOCIADO NO DIA 02/06/09\r\nGBARBOSA R$ 1,60\r\nPREVENÇÃO + GBARBOSA R$ 2,00\r\nSENDO NEGOCIADO APÓS 2 ANOS NOVO VALOR \r\n\r\n\r\n\r\n\r\n\r', 1, 0.00),
	(253, 'Lucro Comerc. de Uniformes e Serviços Ltda', '', 'Roberto/Jadija ', '05432818/0001-05', NULL, '27116794-7', 'Rua Maruim, Sala 01,206, Centro', '', '', '', '3211-3342', '', NULL, '', '', 1, 0.00),
	(254, 'Lucro Uniforme', '', 'Nadja ', '', NULL, '', 'Rua Maruim  / 206 Centro', '', '', '', '', '', NULL, '', '', 1, 0.00),
	(255, 'Lufo Serviços Gerais Ltda', '', ' ', '32.723.546/0001-67', NULL, '', 'Av. João Alves Filho 67, Sala 1, Bairro Rosa Elze', '', '', '', '', '', NULL, '', '', 1, 0.00),
	(256, 'Lupe Malhas', '', ' ', '', NULL, '', 'Zaqueu brandão, ', '', '', '', '', '', '', '', '', 1, 0.00),
	(257, 'Lília Maria Cruz Vieira Costa - LIPE', 'Compras', 'Cláudia ', '', NULL, '', 'Av Gaseoduto, 667 - Orlando Dantas', 'Aracaju', 'Se', '', '251-2444/3969', '', NULL, '', 'pagamento dia 15 de cada mes', 1, 0.00),
	(258, 'M e J Indústria e Comércio Ltda', 'Vendedora', 'Amélia ', '', NULL, '', 'Rua Mato Grosso ,41,entre Pernambuco e Amazonas', 'Aracaju', 'Se', '', '213-0249', '', NULL, '', '', 1, 0.00),
	(259, 'M&A Ind. Com. de Alimentos e Serv. de Buffet Ltda', '', 'Andreza/Marcio ', '04.471.196/0001-53', NULL, '27.103.529-3', 'Rua Bom Jesus dos Navegantes 507', '', '', '', '3217-6391', '3042-0293', NULL, '', '', 1, 0.00),
	(260, 'MARDISA VEÍCULOS LTDA', '', 'GISNEIDE ', '63411623/0001-77', NULL, '27053376-1', 'BR 101, KM 92, S/ N', '', '', '', '3253-1313', '', NULL, '', '', 1, 0.00),
	(261, 'MASTERRADIUS TRANSCEPTORES', 'Diretor', 'Elenaldo Dantas', '04001407/0001-94', NULL, '27103459-9', 'Av. Chanceler Osvaldo Aranha, 835', 'Aracaju', 'Se', '', '241-1003 / 1036', '9989-8649', '', '', 'clea@.masterradius.com.br\r\nsileide@masterradius.com.br ', 1, 0.00),
	(262, 'MMKS Empreendimentos Ltda', '', ' MMKS Empreendimentos Ltda', '04162270/0001-50', NULL, '27105510-3', 'Rua E, nº 126 ', '', '', '', '', '', '', '', '', 1, 0.00),
	(263, 'MODA SERRANA', '', 'NEIDE ', '', NULL, '', '', '', '', '', '', '', NULL, '', '', 1, 0.00),
	(264, 'Mabel( Cipa Nordeste Ind. de Prod.Alimentares S/A', 'Gerente', 'Consolação ', '03359885/0001-08', NULL, '270994394', 'Rod. BR 101 Km 118- Itaporanga Zona Rural', 'Itaporanga', 'SE', '', '280-7000', '', NULL, '', '', 1, 0.00),
	(265, 'Machine Engenharia, inspenção e montagem.', '', ' ', '09600951/0001-76', NULL, 'Isento', 'Rua dom Bosco Gal Jardim Sala12/537 B. Suiça', 'Aracaju', 'SE', '', '', '', NULL, '', '', 1, 0.00),
	(266, 'CW NA MACHADO E CIA LTDA', '', 'Col São Paulo ', '06164912/0001-85', NULL, 'Isento', 'Rua Urquiza Leal, 872, Grageru', '', '', '', '', '', '', '', '', 1, 0.00),
	(267, 'Maria Elenilde (Lene)', '', ' ', '', NULL, '', 'R- Bahia, 1638', '', '', '     -', '24117-94', '25134-68', '     -', '', ' ', 1, 0.00),
	(269, 'Marina Mar', 'Gerente', 'Rosimary ', '', NULL, '', 'Rua Propiá , 65, entre Lagarto e Capela', 'Aracaju', 'Se', '', '211-9782', '9133-6931', NULL, '', '', 1, 0.00),
	(270, 'Marina´s Azul', '', 'Meire ', '', NULL, '', 'Av. Eraclington Rolemberg  / 4525    Bairro- Orlando Dantas', 'Aracaju', 'SE', '', '', '', '', '', 'EM FRENTE AO CONDOMÍNIO SÉRGIO VIEIRA DE MELO\r\njuhsantana@globo.com', 1, 0.00),
	(271, 'Marina´s Pronta Entrega', '', 'Meire ', '', NULL, '', 'R- Propiá,65', '', '', '', '', '', NULL, '', '', 1, 0.00),
	(274, 'Master Construções', '', ' ', '', NULL, '', '', '', '', '', '215-3205', '', NULL, '', '', 1, 0.00),
	(275, 'Medley S/A Industria Farmacêutica', '', ' ', '50929710/0001-79', NULL, '2444121011116', 'Rua Macedo Costa, 55', 'Campinas', 'SP', '', '', '', NULL, '', '', 1, 0.00),
	(276, 'Mercadão dos Tecidos', '', ' ', '', NULL, '', 'Av. Pedro Calazans, 280, entre a 7 de setembro e Divina Past', '', '', '', '3214-4455', '', NULL, '', '', 1, 0.00),
	(277, 'Miguel', '', ' ', '', NULL, '', '', '', '', '', '', '', NULL, '', '', 1, 0.00),
	(278, 'Miucha Confecções', '', 'Jailson ', '', NULL, '', 'Av Heracliton Rolemberg, 1799 - 1o. Andar', '', '', '', '222-1509', '', '', '', 'jailson.mago@hotmail.com', 1, 0.00),
	(279, 'Moda Rio Indústria e Comércio Ltda', 'Proprietária', 'Marleide ', '32751950/0001-44', NULL, '27075474-1', 'R Paulo Henrique Machado Pimentel 330, Galpão05 Inácio B.', 'Aracaju', '', '', '', '', '', '', 'Em frente aos correios, atrás da Jacaúna \r\n\r\nuniaotextil@terra.com.br  \r\n\r\n3 dias úteis ( com logomarca)', 1, 0.00),
	(280, 'Multiserv Comércio e Serviços Ltda,', '', 'Luiz/Levi/ Silvana ', '13350020/0001-34', NULL, 'isento', 'Rua Pedro Pereira Prado, 20A -', 'São Cristovão', 'Se', '', '211-8383', '', NULL, '', '12(multisev)R$1,50', 1, 0.00),
	(281, 'Multserv', 'Luís', 'Gerente de compras ', '', NULL, '', '', '', '', '', '', '', NULL, '', '', 1, 0.00),
	(282, 'Mundo dos Fardamentos', 'Gerente', 'Roberto/ Noelia ', '', NULL, '', 'Av. Maranhão /1652/ Vizinho a Funerária, depois da pracinha.', 'Aracaju', 'SE', '', '249-1286/1810', '', '', '', 'Pagamento no dia \r\n\r\nficfardamentos@hotmail.com', 1, 0.00),
	(283, 'Màrcio', '', ' ', '', NULL, '', '', '', '', '', '', '', NULL, '', '', 1, 0.00),
	(284, 'NEDL Construtora de Dutos do Nordeste Ltda', '', ' ', '06190355/0001-77', NULL, '27109482-6', 'Rodoviaria Br 101,Km 89,Stª  Cecilia Socorro', 'Aracaju', 'SE', '', '', '', NULL, '', '', 1, 0.00),
	(285, 'NEFROCLÍNICA LTDA', '', 'EDUARDO ', '32883951/0001-42', NULL, 'ISENTO', 'RUA LAGARTO / 1784', 'ARACJU', 'SE', '', '', '', NULL, '', '', 1, 0.00),
	(286, 'Nefroclínica Ltda', '', 'Antônio ', '02815471/0001-83', NULL, 'Isento', 'Shopping Jardins Loja 123', 'Aracaju', '', '', '', '', NULL, '', '', 1, 0.00),
	(287, 'Neide [ Amiga Dilma]', '', ' ', '', NULL, '', '', '', '', '', '', '', NULL, '', '', 1, 0.00),
	(288, 'Nortelar Utilidades Domésticas', '', 'Conceição ', '', NULL, '', 'Rua Prof. Florentino Menezes, 18 - Centro', '', '', '', '224-3987', '9971-6779', NULL, '', '', 1, 0.00),
	(289, 'O BLEZER', '', 'BRUNO ', '', NULL, '', 'RUA  Zaqueu Brandão 779, prox. Haiti', '', '', '', '3213-0009', '9986-8250', '', '', '\r\nFechamento da ficha : dia 30 ', 1, 0.00),
	(290, 'O Bombom', '', 'Rosivania ', '', NULL, '', 'Praça João XXIII,42', '', '', '', '3214-3425', '', NULL, '', '', 1, 0.00),
	(291, 'O Marujo', 'Gerente', 'Aparecida ', '', NULL, '', '', '', '', '', '9982-1752', '', NULL, '', '', 1, 0.00),
	(292, 'Oficina da Moda', 'Gerente', 'Shirley ', '', NULL, '', '', 'Aracaju', 'SE', '', '3041 6685', '', NULL, '', '', 1, 0.00),
	(293, 'Ordem dos Advogados do Brasil - Conselho Seccional de Sergipe - OAB', 'Atendente', 'Carla ', '', NULL, '', 'Tv Martins Garcez, 71 - Centro', 'Aracaju', 'Se', '', '79 211-9124', '', NULL, '', '', 1, 0.00),
	(294, 'PIAF', '', 'Fernandes ', '', NULL, '', '', '', '', '', '3214-2322', '', '', '', '', 1, 0.00),
	(295, 'PINHEIRO SEGURANÇA E VIGILÃNCIA LTDA', '', ' ', '04944975/0001-29', NULL, 'ISENTO', 'AV  PREF. HERÁCLITO ROLEMBERG 4843', '', '', '', '', '', '', '', '\r\n\r\nmarcelo.controle@pinheirovigilancia.com.br\r\n\r\n\r\n\r\n\r\n\r\n\r\n\r\n\r\n\r\n\r\n\r\n\r\n\r\n\r\n\r\n\r\n\r\n\r\n\r\n\r\n\r\n\r\n\r\n\r\n\r\n\r\n\r\n\r\n\r\n\r\n\r\n\r\n\r\n\r\n\r\n\r\n\r\n\r\n\r\n\r\n\r\n\r\n\r\n\r\n\r\n\r\n\r\n\r\n\r\n\r\n\r\n\r\n\r\n\r\n\r\n\r\n\r\n\r\n\r\n\r\n\r\n\r\n\r\n\r\n\r\n\r\n\r\n\r\n\r\n\r\n\r\n\r\n\r\n\r\n\r\n\r\n\r\n\r\n\r\n\r\n\r\n\r\n\r\n\r\n\r\n\r\n\r\n\r\n\r\n\r\n\r\n\r\n\r\n\r\n\r\n\r\n', 1, 0.00),
	(296, 'Pandoro Delicatesse', '', 'Mirian ', '', NULL, '', 'Rua Apulcro Mota, 629, Centro', '', '', '', '211- 7211', '', NULL, '', '', 1, 0.00),
	(297, 'Panificação e Mercadinho Cesta Cheia', 'Gerente', 'Ricardo ', '', NULL, '', '', 'Pirambu', 'Se', '', '276-1231', '276-1517', NULL, '', '', 1, 0.00),
	(298, 'Paulinho ( Leonam)', '', ' ', '', NULL, '', '', '', '', '', '', '', NULL, '', '7%', 1, 0.00),
	(299, 'Paulo Escariz Ltda', '', ' ', '16.470.999.0001-72', NULL, '27.095.445-7', 'Av. MINISTRO GERALDO BARRETO SOBRAL,8183 B. JARDINS', '', '', '', '', '', NULL, '', '', 1, 0.00),
	(300, 'Paulo Silva Filho / Dr Schall', 'Gerente', 'Paulo Silva', '', NULL, '', 'Av. Acrísio Cruz, 267 - 13 de julho', 'Aracaju', 'Se', '', '9979 2876', '246-5504', NULL, '', '', 1, 0.00),
	(301, 'Paulo [ Futebol Clube', '', ' ', '', NULL, '', '', '', '', '', '', '', NULL, '', '', 1, 0.00),
	(302, 'Peneu Cemter', '', ' ', '', NULL, '', '', '', '', '', '', '', NULL, '', '', 1, 0.00),
	(303, 'Peneu Center', '', ' ', '', NULL, '', '', '', '', '', '', '', NULL, '', '', 1, 0.00),
	(304, 'Petrobras - Fafen', '', ' ', '33.000.167/1123-33', NULL, '', 'Rod. Rodovia SE ,211  KM-1 Laranjeiras', 'Pedra Branca', '', '', '', '', NULL, '', '', 1, 0.00),
	(305, 'Petróleo Brasileiro S/A', '', ' ', '33000167/0577-23', NULL, '27050998-4', 'R-Acre , 2504, S.Campos', 'Aracaju', '', '', '', '', NULL, '', '', 1, 0.00),
	(306, 'Pipesolda Treinamento e Serv. de Inspeção Ltda', '', 'Paloma ', '10213512/0001-90', NULL, 'Isento', 'Av. José Botelo de Matos / 42', 'Santo Estevão', 'BA', '', '', '', NULL, '', '', 1, 0.00),
	(308, 'Pisolar Comércio de Tintas Ltda', '', 'Jô ', '32.868.002/0002-74', NULL, '27102915', 'Av.Gonçalo Rollembergue Leite, 2112 Suissa', '', '', '49050-370', '99994-3213', '', '', 'contabilidade@pisolar.com.br', '', 1, 0.00),
	(309, 'Play Norte Natal Diversões Promoções e Empreendimentos Ltda      ', '', 'Antônio ', '09174719/0001-13', NULL, 'Isentoq', 'Av Dr. João Medeiros Filho ,2395, 2 piso', 'Natal', 'RN', '', '', '', '', '', '', 1, 0.00),
	(310, 'Pneu Service', 'Representante', 'Jetro Xavier Andrade', '', NULL, '', '', '', '', '', '254-4804', '9138-1677', NULL, '', '', 1, 0.00),
	(311, 'Posada Primos', '', ' ', '', NULL, '', '', '', '', '', '99883430', '', NULL, '99884734', '', 1, 0.00),
	(312, 'Pousada Raio do Sol', '', ' ', '', NULL, '', 'Rua François Hoold, 89, Atalaia', '', '', '', '3212-8600', '3243-2049', NULL, 'raiodesolaju@hotmail.com', '', 1, 0.00),
	(313, 'Pratic Sporte', '', ' ', '', NULL, '', '', '', '', '', '', '', NULL, '', '', 1, 0.00),
	(314, 'Prefeitura Municipal Sta Rosa de Lima', '', ' ', '13109954/0001-89', NULL, 'Isento', 'Praça Antônio Dantas do Prado', 'StaRosa de Lima', '', '', '', '', NULL, '', '', 1, 0.00),
	(315, 'Prefeitura Municipal de Areia Branca', '', ' ', '13100995/ 0001-04', NULL, 'Isento', 'Praça Juveniano Freire de Oliveira', 'Areia Branca', 'SE', '', '', '', NULL, '', '', 1, 0.00),
	(316, 'Prest Perfurações Ltda', '', ' ', '41.006.693/0002-98', NULL, 'Isento', 'Rua - Igaruana , Beira Mar , 07', '', '', '', '', '', NULL, '', '', 1, 0.00),
	(317, 'Primeira Igreja Batista de Aracaju - PIBA', 'Colaboradora', 'Telma ', '', NULL, '', 'Rua Lagarto, 646 - Centro', '', '', '', '', '', NULL, '', '', 1, 0.00),
	(318, 'Produtos Alimentícios FABISE', 'Gerente', 'Débora ', '', NULL, '', 'Av Heráclito Rolembergue, 5040 - D.I.A.', 'Aracaju', 'Se', '', '249-1282', '', NULL, '', '', 1, 0.00),
	(319, 'Prof Figueirôa UFSe', '', ' ', '', NULL, '', '', '', '', '', '211 5912', '', NULL, '', '', 1, 0.00),
	(320, 'Projel Comércio e Serviços Ltda', '', 'Mª José ', '32858284/0002-29', NULL, '27101632-9', 'Av Hermes Fontes, 1803, Grageru', '', '', '', '', '', NULL, '', '', 1, 0.00),
	(321, 'Pronto Clinoca', '', ' ', '', NULL, '', '', '', '', '', '', '', NULL, '', '', 1, 0.00),
	(322, 'RL Confecções Ltda', 'Gerente', 'Wagner ', '', NULL, '', 'N. Senhora das Fontes, s/n', 'São Cristovão', 'SE', '', '', '', NULL, '', '', 1, 0.00),
	(323, 'Rafas Indústria Ltda', '', 'Guerreiro ', '', NULL, '', 'Rua Diretora Maria Marques, 149, B Santos Dumont', '', '', '', '245-2249', '', NULL, '', '', 1, 0.00),
	(324, 'Ramos e Magalhães Ltda (Tutti Sapore)', 'Gerente', 'David Farraz', '05.019.093/0001-07', NULL, '27.107.100/1', 'Rua D, 134 - Desmeb Largo São Conrrado - Aeroporto', 'Aracaju', 'Se', '49000-000', '2172064', '', NULL, '', '', 1, 0.00),
	(325, 'Recal Representações Carvalho Ltda', 'Gerente', 'Andrade/Anderson ', '13.171.145/0001-05', NULL, '27.056.315-6', 'Rua Japaratuba 721,Sto Antônio', 'Aracaju', 'Se', '', '3215-1636', '9141-0218', '', '', '', 1, 0.00),
	(326, 'Regata', '', 'margarete ', '', NULL, '', 'Rua Laranjeiras ,462 ,Centro/Vizinho o Cartorio', '', '', '', '', '', NULL, '', '', 1, 0.00),
	(327, 'Rei da Peixada', '', 'Marisa ', '', NULL, '', 'Av. Santos Dumont, 507 - Atalaia', 'Aracaju', 'Se', '', '223-1908', '', '', '', '', 1, 0.00),
	(328, 'Renovar', '', 'Lucas ', '', NULL, '', '', '', '', '', '214-6093', '', NULL, '', '', 1, 0.00),
	(329, 'Renovel Veiculo Ltda', '', ' ', '02814097/0001-00', NULL, 'Isento', 'Avenida Gentil Tavares Da Mota;   720    Getulia Vargas', '', '', '', '', '', NULL, '', '', 1, 0.00),
	(330, 'Resende Oliver e Cia Ltda', '', 'Ana Luiza ', '', NULL, '', '', '', '', '', '211-6587', '', NULL, '', '', 1, 0.00),
	(331, 'Restaurante e Casa de Forró do Cariri', '', 'hamilton ', '03440778/0001-00', NULL, '27099574-9', 'R-Nisseu Dantas, 775', 'Aracaju', '', '', '243-1379', '243-5370', NULL, '', '', 1, 0.00),
	(332, 'Roberto [Master]', '', ' ', '', NULL, '', '', '', '', '', '', '', NULL, '', '', 1, 0.00),
	(333, 'Romanel', '', ' ', '', NULL, '', '', '', '', '', '32113017', '', NULL, '', '', 1, 0.00),
	(334, 'Ronne Roberto Alves Sampaio', '', ' ', '07977908/0001-07', NULL, 'Isento', 'Rua Estância 1197', 'Aracaju', '', '', '', '', NULL, '', '', 1, 0.00),
	(335, 'Ronne Roberto Alves Sampaio ME', '', ' ', '07.977.908/0001-07', NULL, 'Isento', 'Rua Estância, 1197. Cirurgia', 'Aracaju', 'SE', '', '', '', NULL, '', '', 1, 0.00),
	(336, 'Rosa Bomfim', '', ' ', '', NULL, '', 'Rua C, n 29, Conj Ipes Sts Drumond', '', '', '', '', '', '', '', 'próx.a  3ª delegacia.', 1, 0.00),
	(337, 'Rosa e Sônia', '', ' ', '', NULL, '', 'Rua Goias  780 Vizinho a pizzaria alagoano entre a rua cre e neopolis/ Interfona para 105', '', '', '     -', '99856-4619', '     -', '     -', '', 'nilos.uniformes@hotmail.com\r\n\r\nReajuste em 01/04/2017', 1, 0.00),
	(339, 'Rosi', '', ' ', '', NULL, '', 'Rua= Alagõas , 957 Enfrete a antiga São Pedro', 'Aracaju', 'SE', '', '', '', NULL, '', 'Siqueira Campos', 1, 0.00),
	(340, 'Rotasul Transporte Ltda', '', 'Erivam ', '01478816/0001-68', NULL, '27092783-2', 'Av Tiradentes,250 Novo Paraiso', 'Aracaju', 'SE', '', '259-3232', '', NULL, '', '', 1, 0.00),
	(341, 'Rádio Televisão de Sergipe S/A', '', 'Evandro ', '13.029459/0001-60', NULL, '27076858-0', 'Rua Alto do Morro da TV s/n Cidade Nova', 'Aracaju', 'SE', '', '212- 4478', '9977-0083', NULL, '', '', 1, 0.00),
	(342, 'SBP Produtos Farmacêuticos Ltda', '', 'Cristiane ', '', NULL, '', 'Av. Ministro Geraldo Barreto Sobral, 215 Lj. B15 Sh. Jardins', '', '', '', '217-1077/4882', '', NULL, '', '', 1, 0.00),
	(343, 'SCANTIME NE SISTEMA E AUTOMAÇÃO LTDA', '', ' ', '05934937/0001-58', NULL, '27108604-1', 'Rua Carlos Garcia ,123', 'Aracaju', '', '', '', '', NULL, '', '', 1, 0.00),
	(344, 'SENGE ENGENHARIA ELÉTRICA', '', 'Adriano ', '01.091.043/0001-92', 'SENGE SERVICOS DE ENGENHARIA E CONSTRUCOES EIRELI', '', 'R8, Nr 670 Quadra Q', 'N. Senhora do Socorro', 'SE', '49160-000', '00254-1011', '9982-9036', '', '', '', 1, 0.00),
	(345, 'SINDIFISCO SINDICATO DO FISCO DO ESTADO DE SERGIPE', '', 'GANE ', '32806010000105', NULL, '', 'R- JORNALISTA JOÃO BATISTA DE SANTANA,1914', '', '', '     -', '25522-25', '     -', '     -', 'edinaldos.novais@gmail.com', '', 1, 0.00),
	(346, 'SINPOL-Sindicato do Policiais Civis', 'gerente', 'Jeane ', '', NULL, '', 'Rua Vila Cristina, 130 - São José', 'Aracaju', 'Se', '', '214 0103', '', NULL, '', '', 1, 0.00),
	(347, 'SIlvana/ Multiserve', '', ' ', '', NULL, '', '', '', '', '', '', '', NULL, '', '', 1, 0.00),
	(348, 'SANDALIA SUPREMA', '', 'JAMILLA ', '03946375/0001-37', 'SUPREMA - SAYONARA PLASTICOS RECICLAGENS LTDA', '16129012-4', 'RUA NELSON MEIRA 234', 'SOUZA', 'PB', '     -', '', '', '', '', '', 1, 0.00),
	(349, 'Saboritto', '', 'Maria Clara ', '', NULL, '', 'Shopping Jardins Av. Ministro Geraldo Barreto Sobral, 88', 'Aracaju', 'SE', '', '246-3546', '217-5020', NULL, '', '', 1, 0.00),
	(350, 'Sales Material de Construção Ltda', '', 'Hiper Sales ', '15082514/0001-00', NULL, '27066351-7', 'Av. Augusto Franco   /Numero 2500', 'Aracaju', 'Se', '', '', '', NULL, '', '', 1, 0.00),
	(351, 'Samam Diesel Ltda', '', ' ', '13149726/0001-07', NULL, 'Isento', 'BR 101-Km 92-', 'Socorro', 'SE', '', '', '', NULL, '', '', 1, 0.00),
	(352, 'Samam Veículos Ltda', '', 'Beto ', '13.136.197/0001-32', NULL, 'Permanece em aberto', 'Rua- Basílio Rocha,89 Bairro-Siqueira Campos', 'ARACAJU', 'SE', '', '', '', NULL, '', 'Não temos a certeza de que a empresa destacada tem Inscrição Estadual ou se é Isento.', 1, 0.00),
	(353, 'San diego', '', 'Valderêz ', '', NULL, '', 'R-Neopolis, 192, entere Mato grosso e Alagoas', 'Aracaju', '', '', '', '', NULL, '', '', 1, 0.00),
	(354, 'Sebrae -SE', '', 'Genildo ', '13115183/0001-32', NULL, 'Isento', 'Rua Paulo Henrique M. Pimentel', 'Aracaju', '', '', '9992-2698', '', NULL, '', '', 1, 0.00),
	(355, 'Secretaria de Estado da Casa Cívil', '', 'Alessandro ', '13.128.798/0005-27', NULL, 'Isento', 'Av. Adélia Franco, 3305  Bairro- Grajeru', 'Aracaju', 'SE', '', '', '', NULL, '', '', 1, 0.00),
	(356, 'Secretaria de Estado da Educação', '', ' ', '13130497/0001-04', NULL, 'Isento', 'R- Gutembergue  Chagas 169,', 'Aracaju', 'SE', '', '', '', NULL, '', 'Foi retirado um recibo no valor R$ 310,00', 1, 0.00),
	(357, 'Semed { Nalva ]', '', ' ', '', NULL, '', '', '', '', '', '', '', NULL, '', '', 1, 0.00),
	(358, 'Sercore Arte gráficas Ltda', '', 'Chamusca ', '13080676/0001-84', 'SERCORE ARTES GRAFICAS LTDA', '', 'R PROF.JOSE LIMA PEIXOTO, 43 - GRAGERU', 'Aracaju', 'SE', '49040-510', '', '', '', '', 'chamuscafilho@sercore.com.br', 1, 0.00),
	(359, 'Sergás Sergipe Gás S/A', '', ' ', '86809043/0001', NULL, '27086662-0', 'R- Dom Bosco,1223,Bairro Suissa', 'Aracaju', '', '', '226-5213', '226-5202', NULL, '', '', 1, 0.00),
	(360, 'Serigy', 'Compras', 'Marivalda ', '', NULL, '', 'Av. João Rodrigues, 448 - B. Industrial', 'Aracaju', 'Se', '', '3043-0429', '9995-1822', NULL, '', '', 1, 0.00),
	(361, 'Serviços Engenharia Elétrica Ltda.', '', 'Adriano ', '01091043/0001-92', NULL, '27091370-0', 'Rua 8, Qd. Q, 670 - Distrito Industrial - Socorro/SE', '', '', '', '254-1011', '9982-9036', NULL, '', '', 1, 0.00),
	(362, 'Serviços Gráficos de Sergipe', '', ' ', '13085519/0001-61', NULL, '27052042-2', 'R- Própria,227,', '', '', '', '', '', NULL, '', '', 1, 0.00),
	(363, 'SonTel', '', 'Bezerra ', '', NULL, '', '', '', '', '', '214-4205', '', NULL, '', '', 1, 0.00),
	(364, 'Souzal', '', 'GLAUCIA Glaucia', '', NULL, '', 'R-JOÃO PESSOA, 320, EDF.CIDADE ARACAJU,SALA 803', 'ARACAJU', '', '', '3211-1784/85', '', NULL, 'GLAUCIA', '', 1, 0.00),
	(365, 'Support Infomática', '', ' ', '', NULL, '', 'Rua -Zaqeu Brandão ,771,São José', '', '', '', '214-5161', '8802-0021', NULL, '', '', 1, 0.00),
	(366, 'SÁ E GOUVEIA BORDADOS LTDA', '', 'Marli ', '05.624.221/0001-54', NULL, '067.109-0', 'Av. Dr. Edézio Vieira de Melo, nº 2279', 'Aracaju', 'Se', '', '3041-8914', '', NULL, 'Pontofino@click21.com.br', 'Pontofino, Senha do email ( POQW01).', 1, 0.00),
	(367, 'SÃO MARCOS HOSPITALAR  LTDA', '', 'RAQUEL ', '15592785/0001 06', NULL, 'ISENTO', 'RUA CAMPO DO BRITO, 1000 SÃO JOSÉ', '', '', '', '', '', '', '', '', 1, 0.00),
	(368, 'Sá e Cruz', '', ' ', '', NULL, '', 'R São Cristóvão 1822,', '', '', '', '3213-0564', '', NULL, '', '', 1, 0.00),
	(369, 'São Cristóvão Futebol Clube', '', 'Paulo ', '', NULL, '', 'Ladeira José do Prado Franco  34', 'São Cristovão', '', '', '9124-4291(CERTO', '9953/5149', NULL, '', '', 1, 0.00),
	(370, 'São Lucas Médico Hospitalar', '', 'Durce ', '13131370/0001-00', NULL, '27.054.467-4', 'Rua General Stanley Silveira, 33 - São José', 'Aracaju', 'Se', '', '212-8866', '', NULL, '', '', 1, 0.00),
	(371, 'Só Fardas', 'Propietária', 'Angélica ', '', NULL, '', 'Rua Sônia Alves Lopes, 2363 - Coroa do Meio', '', '', '', '255-4834', '', NULL, '', 'pagamento dia 05 de cada mes', 1, 0.00),
	(372, 'TELEVISÃO ATALAIA LTDA', '', 'FLÁVIO ', '13079397/0001-09', NULL, 'Isento', 'Rua Cláudio Batista ,122', 'Aracaju', 'SE', '', '3226-2643', '8819-8857', NULL, '', '', 1, 0.00),
	(373, 'TRANSCOMPRAS TRANSPORTES E COMPRAS COMERCIAL LTDA', '', 'CRISTIANO ', '32717811/0001-02', NULL, '27072824-4', 'R- VITÓRIA ,646, S. CAMPOS', 'ARACAJU', 'SE', '', '3114-4861', '', '', '', '', 1, 0.00),
	(374, 'TRANSVEL TRANSPOTES E LOCAÇÃO LTDA', '', ' ', '05034117/0001-00', NULL, 'ISENTO', 'BR 101- KM-58', '', '', '', '', '', NULL, '', '', 1, 0.00),
	(375, 'Tatiana Cristina Santos de Jesus ME', '', ' Tatiana', '07030146/0001-29', NULL, '27.110.492-9', 'Rua Nossa Senha da Gloria Com Moacir Sobral 92/ Prox. Tabaja', 'Aracaju', 'SE', '', '', '', '', '', 'BAIRRO- CIDADE NOVA', 1, 0.00),
	(376, 'Telma [  dona da lavanderia]', '', ' ', '', NULL, '', 'Rua- São Cristovão, 439', '', '', '', '', '', NULL, '', '', 1, 0.00),
	(377, 'Transfátima Locadora Ltda', '', ' ', '13379672/0001-00', NULL, '27.072.652-7', 'Av João Ribeiro, 1070 Sala 8 - Santo Antonio', 'Aracaju', 'Se', '', '', '', NULL, '', '', 1, 0.00),
	(378, 'Tranvemasa S.A.', 'Gerente', 'Bruno ', '', NULL, '', 'Rua Mariano Salmeron, 768 - Siqueira Campos', 'Aracaju', 'Se', '', '241-3060', '', NULL, '', '', 1, 0.00),
	(379, 'Tribunal Regional Eleitoral', '', 'Iguassu ', '06015356/0001-85', NULL, 'Isento', 'Centro Administrativo Gov. Augusto Franco', 'Aracaju', 'SE', '', '', '', NULL, '', '', 1, 0.00),
	(380, 'Tribunal de Contas do Estado de Sergipe', '', 'Everaldo ', '13170790/0001-03', NULL, 'Isento', 'AvTancredo Neves,s/n Centro Adm. Gov. Augusto Franco Capuche', 'Aracaju', '', '', '216-4413', '9977-5254', NULL, '', '', 1, 0.00),
	(381, 'Tyresoles Kawasaki Com e Serviços Ltda', 'compras', 'Elizabete ', '', NULL, '', 'Av Coelho Campos, 216A - Centro', 'Aracaju', 'Se', '', '215-4606', '', NULL, '', '', 1, 0.00),
	(382, 'Tânia', '', ' ', '', NULL, '', 'Rua Florianopolis  /402/S.Campos esquina com  Sergipe', '', '', '', '', '', NULL, '', '', 1, 0.00),
	(383, 'UNICLÍNICA UNIDADE CLÍNICA DE ARACAJU', '', 'ACIVAL ', '15580814/0001-10', NULL, 'ISENTO', 'PRAÇA DA BANDEIRA 325', 'ARACAJU', 'SE', '', '', '', NULL, '', '', 1, 0.00),
	(384, 'Ulisse High Sea', '', ' ', '', NULL, '', '', '', '', '', '', '', NULL, '', '', 1, 0.00),
	(385, 'Ulisses', 'Gerente', 'Ulisses ', '', NULL, '', 'Rua ..., nr   - Orlando Dantas', 'Aracaju', 'SE', '49', '9961-6337', '', NULL, '', '', 1, 0.00),
	(386, 'Uniforme´s Industria Textil de Confecções Ltda', '', 'Jurandi ', '04523904/0001-52', NULL, '27103313-4', 'Av G, Lote 15, Quadra 20 D. Industrial', '', '', '', '', '', NULL, '', '', 1, 0.00),
	(387, 'Unimed Sergipe Cooperativa de Trabalho Médico', '', ' ', '13360276/0001-22', 'UNIMED SERGIPE - COOPERATIVA DE TRABALHO MEDICO', 'Isento', 'R Socorro, Numero 100 ,Bairro São José', 'Aracaju', 'SE', '49015-300', '', '', '', '', '', 1, 0.00),
	(389, 'União Nordeste Brasileira da I.A.S.D.', '', ' ', '01104932/0006-51', NULL, 'Isento', 'R Jorge Pereira Porto ,2000', 'Aracaju', '', '', '', '', NULL, '', '', 1, 0.00),
	(390, 'VIG´S VIGILÂNCIA E SEGURANÇA LTDA', '', 'ANGÉLICA ', '03.171.673/0001-00', NULL, 'ISENTO', 'Rua João Rocha Sobrinho,17', '', '', '', '3211-4464', '', '', '', '', 1, 0.00),
	(391, 'VINDVEST', '', 'FÁTIMA ', '', NULL, '', 'RUA HUMBERTO PINTO MAIA,4611,GRAGERU', '', '', '', '', '', NULL, '', '', 1, 0.00),
	(392, 'VLR Shopping do Estudante LTda', '', 'Marly ', '32808388/0001-48', NULL, '27079726-2', 'Av Hermes Fontes, 636´Siussa', 'Aracaju', 'SE', '', '', '', NULL, '', '', 1, 0.00),
	(393, 'Vanda', '', ' ', '', NULL, '', 'Rua Sargento Nezinho / 131 Bairro 18 do Forte', 'Aracaju', 'Se', '', '', '', '', '', 'Depois da Clinica San Marcelo', 1, 0.00),
	(394, 'Vanderlan [ Tobias Bareto]', '', ' ', '', NULL, '', '', '', '', '', '', '', NULL, '', '', 1, 0.00),
	(395, 'Vest Uniformes Profissionais Ltda', '', 'Alfredo Flavio ', '', NULL, '', 'Av. Dr. José da Silva Ribeiro Filho,797  Bairro- América', '', '', '', '3259-1622', '', NULL, '', '', 1, 0.00),
	(396, 'Vest Uniformes Profissionais Ltda', '', ' ', '08.953.624/0001-35', NULL, '27.120.318-8', 'Av Dr José da Silva Ribeiro, B América, 797', 'Aracaju', 'SE', '', '', '', NULL, '', '', 1, 0.00),
	(397, 'Centro de Formação de Condutores Ltda ', '', 'Vetor', '3211672/0001-34', NULL, 'Insento', 'Rua José Deodato Soares ,30', 'Aracaju', 'SE', '', '32178070', '', '', '', 'vetor@autoescolavetor.com.br', 1, 0.00),
	(398, 'Viação Halley Ltda', 'Compras', ' ', '13.379.649/0001-07', NULL, '27.079.886-2', 'Av Bastos Coelho, 836', 'Aracaju', 'Se', '', '', '', NULL, '', '', 1, 0.00),
	(399, 'Viação Santa Maria Ltda', '', 'Erivam ', '01478814/0001-07', NULL, '27092782-4', 'Av. Tiradentes ,260, Novo Paraiso', 'Aracaju', 'SE', '', '259- 3232', '', NULL, '', '', 1, 0.00),
	(400, 'Viação São Pedro Ltda', '', 'Júnior/Luiz ', '13074901/0001-70', NULL, '27003992-9', 'Av Tancredo Neves, 2950 - Novo Paraíso', 'Aracaju', 'Se', '', '218-4444', '', NULL, '', '', 1, 0.00),
	(401, 'Mundo da Lua Ind. de Come. de Confecções ME', 'Sócia Gerente', ' Indira', '09237361/0001-20  ', NULL, '27721194-6', 'Av. Poeta Mario Jorgre  / 2172   Coroa do Meio', 'Aracaju', 'SE', '49035-660', '3255-1025', '', '', '', 'Fechamento 05/ Cada Mês\r\n\r\nMessias 9973-7097\r\n\r\nmundodalua-se@hotmail.com     ', 1, 0.00),
	(402, 'Vitória Calçados', 'Gerente', 'Gilson ', '', NULL, '', 'Rua Castro Alves, 356 - Ponto Novo', 'Aracaju', 'Se', '', '217-6116', '', NULL, '', '', 1, 0.00),
	(403, 'Wagner', 'P.Física', 'Wagner ', '', NULL, '', '', '', '', '', '99968705', '', NULL, '', 'Irmão de Jurandi', 1, 0.00),
	(404, 'Wbs Serviço LTDA', '', 'Graziela ', '05207757/0001-74', NULL, '', 'Av. Desembargado Maynard', 'Aracaju', 'SE', '', '', '', NULL, '', 'Tel= 3259 0792  Ou  8107 85 65', 1, 0.00),
	(405, 'Wersely ( Moura Comércio Representação Ltda )', '', 'Wersely ', '04641283/0001-01', NULL, '', 'Av. Francisco José da Fonseca , 1449 A , Orlando Dantas', '', '', '', '251-2549', '91326654', NULL, '', '', 1, 0.00),
	(406, 'Xamego de Menina', 'Propietária', 'Isis ', '', NULL, '', 'Rua Itabaina,953', 'Aracaju', '', '', '9977/8626', '211-1003', NULL, '', '', 1, 0.00),
	(407, 'Yes Inglês e Espanhol', 'Diretora', 'Silvia ', '', NULL, '', 'Rua Lagarto ,807- Centro', '', '', '', '211- 7709/7392', '9131-6291', NULL, 'www.yes-oline.com.br', '', 1, 0.00),
	(408, 'gerreiro', '', ' ', '', NULL, '', '', '', '', '', '', '', NULL, '', '', 1, 0.00),
	(409, 'valmir [ Sao Cristovan]', '', ' ', '', NULL, '', '', '', '', '', '', '', NULL, '', '', 1, 0.00),
	(410, 'ÉLIO SÁ ( DAVENE PHYTODERME)', '', ' ', '', NULL, '', '', '', '', '', '9972-9792', '', NULL, '', '', 1, 0.00),
	(411, 'VIAÇÃO PROGRESSO LTDA', '', 'ERISVALDO', '13028683/0001-37', NULL, '27000014-3', 'AV. MARECHAL CÂNDIDO MARIANO  956', '', '', '', '3226-2936/37', '', '', '', '', 1, 0.00),
	(412, 'EAUT COMÉRCIO MATERIAL ELÉTRICO E SERVIÇO LTDA', '', '', '0417484/0001-04', NULL, '27108641-6', 'AV. PEDRO CALAZANS 1126', 'ARACAJU', '', '', '', '', '', '', '', 1, 0.00),
	(413, 'TRIBUNAL DE JUSTIÇA', '', 'EDIVÂNIA', '13166970/0001-03', NULL, 'ISENTO ', 'PRAÇA FAUSTO CARDOSO 112', 'ARACAJU', '', '', '3226-3483', '', '', '', '', 1, 0.00),
	(414, 'Login Informática Com. e Representação Ltda.', '', '', '00066716/0002-72', NULL, '27089491-8', 'Rua Gonçalo Rolembergue Leite / 2178 ( Pereira Lobo)', 'Aracaju', 'SE', '', '', '', '', '', '', 1, 0.00),
	(415, 'José Roberto Trindade', '', '', '23538848572', NULL, '', 'Rua Castro Alves, Nº 324  Bairro Ponto Novo', 'Aracaju', '', '', '', '', '', '', '', 1, 0.00),
	(416, 'Jose Alves Trindade', '', 'Jose Alves Trindade', '23538848572', NULL, '', 'Rua Castro Alves, 324 Bairro ponto Fino ', 'Aracaju', '', '', '', '', '', '', '', 1, 0.00),
	(418, 'Auto Peças Macedo', '', 'Macedo', '15.583.552/0001-47', NULL, '27.057.523-5', 'Rua Mariano Salmeron 48/58', 'Aracaju', 'se', '', '3216-1850', '', '', '', '', 1, 0.00),
	(419, 'Delta Confecções Ltda (Tartan)', '', 'André ( Tartan)', '02640789/0001-70', NULL, '27121022-2', 'Rua Pacatuba 112,  Centro', 'Aracaju', 'SE', '     -', '32145-345', '     -', '     -', 'tartan2@ig.com.br', '', 1, 0.00),
	(420, 'Luciana Santos Cariri', '', 'Gbarbosa ( Filha de Srª Lucia)', '823.094.775-91', NULL, 'Isento', 'Rua Prof. Manoel Franco Freire  ( JK) /29', '', '', '', '', '', '', '', '', 1, 0.00),
	(421, 'Clínica do Labirinto Ltda', '', 'Margarete', '06878894/0001-01', NULL, 'Isento', 'Av. Gonçalo Prado  Rolembergue  211, sala 706 São José', 'Aracaju', '', '', '', '', '', '', '', 1, 0.00),
	(422, 'Asa Branca Indl. Coml. e Importadora Ltda.', '', 'Mário', '03636036/0001-54', NULL, '24098420-1', 'Av. Asa Branca - Guaribas - D. Industrial / 342', 'Arapiraca', 'AL', '', '', '', '', '', '', 1, 0.00),
	(423, 'Júlio Flávio Gomide Prado', 'Propietario', 'Júlio', '102.262.735-04', NULL, 'Isento', 'Rua Engenheiro Marcondes Ferrais / 33', 'Aracaju', 'SE', '', '', '', '', '', '', 1, 0.00),
	(424, 'MR Soares Ind. e Com. de Sucos Ltda ME', '', 'Graça', '06926492/0001-27', NULL, '27110164-4', 'Faz. Faz. Stª  Antonio Zona Rural     ', 'Boquim ', 'SE', '', '', '', '', '', '', 1, 0.00),
	(425, 'Eiffel Veículos   ', '', '', '00474492/0001-57', NULL, '27089152-8', 'Rua Rafael de Aguiar, 286  ', 'Aracaju ', 'SE', '', '2106-9006', '', '', '', '', 1, 0.00),
	(426, 'J e M', 'gerente', 'Cristiano', '00.773.352/0001-80', NULL, '', 'Rua Laranjeiras 1342', 'Aracaju', 'SE', '     -', ' 3211-7509', '99947-4134', '     -', 'bomfimdelima@gmail.com', '\r\n\r\n\r\n\r\nRazão Social: JKM', 1, 0.00),
	(427, 'Awa Construções Ltda', '', '', '07534526/0001-09', NULL, 'Isento', 'Rua Manoel Andrade / 2258 Coroa do Mei', 'Aracaju ', 'SE', '', '', '', '', '', '', 1, 0.00),
	(428, 'Patricia Vind Veste', '', '', '', NULL, '', '', '', '', '', '3209-1243', '9925-9051', '', '', '', 1, 0.00),
	(429, 'Sõnia Bordados', '', '', '', NULL, '', '', '', '', '', '', '', '', '', '', 1, 0.00),
	(430, 'Sônia Bordados', '', '', '', NULL, '', '', '', '', '', '', '', '', '', '', 1, 0.00),
	(431, 'Torre Empreedimentos Rural e Cost. Ltda.', '', 'Aline', '34405597/0002-57', NULL, '27088897-7', 'Rua P  / 77 ( Dia )', 'Aracaju ', 'Se', '', '', '', '', '', '', 1, 0.00),
	(432, 'POUSADA RECANTO DE DUBAI', '', 'MÁRCIO', '', NULL, '', '', '', '', '', '8107-5656', '', '', '', '', 1, 0.00),
	(433, 'MD Distribuidora de Alimentos Ltda.', '', 'Luciano', '04253727/0001-31', NULL, '27113332-5', 'Rua Paraíba / 92     ( B. Santos Dumind)', 'Aracaju', 'se', '', '3236-4600', '', '', '', '', 1, 0.00),
	(435, 'Criativa  Auto Criativa', '', '', '', NULL, '', '', '', '', '', '', '', '', '', 'criativacfc@hotmail.com', 1, 0.00),
	(437, 'CASSIND CAIXA DE ASSISTÊNCIA DO SINDIFISCO', 'ACÁCIA', '', '04197511/0001-04', NULL, 'ISENTO', 'R- JORNALISTA JOÃO BATISTA DE SANTANA 1914, COROA DO MEIO   ', 'ARACAJU', '', '49035430', '', '', '', '', '', 1, 0.00),
	(438, 'Lacel Contabilidade Condominial Ltda', '', 'Sabrina', '09278057/0001-21', NULL, 'Isento', 'Av. Hermes Fontes /879', 'Aracaju', 'SE', '', '2106-1235', '', '', '', '', 1, 0.00),
	(440, 'Play Jardins Diversões Promoções e Empreendimentos Ltda', '', 'Antônio? Cristiane', '08331871/0001-08', NULL, 'Isento', 'Av. Ministro Geraldo Barreto Sobral, 215, Loja 140- Jardins', 'Aracaju', '', '', '3217-6028', '', '', '', '', 1, 0.00),
	(441, 'Cond. Centro Médico Jardins', '', 'Karine', '10550270/0001-20', NULL, 'Isento', 'Av. Ministro Geraldo Barreto Sobral  / 2131', 'Aracaju ', 'SE', '', '', '', '', '', '', 1, 0.00),
	(442, 'Jardim delicatese ltda', '', '', '01984422/0002-92', NULL, '27107688-7', 'Av. Francisco Porto   N:140       Bairro 13 Julho           ', 'Aracaju- SE', '', '', '', '', '', '', '', 1, 0.00),
	(443, 'WS Locação de Mão Obra Ltda.', '', '', '63223093/0001-33', NULL, '48988995', 'Rua Leonardo R. Silva /10', 'Lauro de Feitas', 'BA', '', '', '', '', '', '', 1, 0.00),
	(444, 'Pedro ', '', 'Pedro', '', NULL, '', '', '', '', '', '9958-8511', '', '', '', '', 1, 0.00),
	(446, 'MMKS Empreendimentos Ltda', '', '', '04162270/0001-50', NULL, '27105510-3', 'Rua E, nº 126 ', 'Aracaju', 'se', '', '', '', '', '', '', 1, 0.00),
	(447, 'Luciano Floro de Oliveira ME', '', '', '08675461/0001-74', NULL, '27119299-2', 'Av. Chanceler Osvaldo Aranha, 387', 'Aracaju', 'se', '', '', '', '', '', '', 1, 0.00),
	(448, 'Sociedade de Educação Tiradentes S/S Ltda.', '', 'Rejane', '13013263/0003-49', NULL, 'Isento', 'Rua Laranjeiras  / 726', 'Aracaju ', 'SE', '', '', '', '', '', '', 1, 0.00),
	(449, 'Cond. Resid. Engenheiro Eliúde César', '', 'Karine', '11097430/0001-90', NULL, 'Isento', 'Rua Tenete Valdir do Santos / Nº 545', 'Aracaju ', 'SE', '', '', '', '', '', '', 1, 0.00),
	(450, 'Play Natal Diversões Promoções e Empreendimentos Ltda ', 'Crostiane/ Alex', '', '40986226/0001-28', NULL, 'Isento', 'Av Senador Salgado Filho ,2234- Candelária', 'Natal ', 'RN', '', '', '', '', '', '', 1, 0.00),
	(451, 'Praia da Costa Play Diversões Promoções e Empreendimentos Ltda ', 'Cristiane/ Alex', '', '00925252/0001-21', NULL, 'Isento', 'Av Dr. Olivio  Lira , 353 - Praia da Costa', 'Vila Velha ', 'ES', '', '', '', '', '', '', 1, 0.00),
	(452, 'Construtora JJ', '', '', '3211263/0001-06', NULL, '27079003-9', 'Rua Rafael de Aguiar , 1176', 'Aracaju', 'SE', '', '', '', '', '', '', 1, 0.00),
	(453, 'Prontomed ', '', '', '', NULL, '', 'Rua Bahia, 762 ', '', '', '', '3214-3063', '3042-2275', '', '', '', 1, 0.00),
	(454, 'Ambep', '', '', '27.089.861/0017-01', NULL, 'ISENTO', 'Rua Campo do Brito, nº 187', 'Aracaju', 'SE', '', '', '', '', '', '', 1, 0.00),
	(455, 'ALIANCATUR', '', '', '02.367.108.0001/42', 'ALIANCA TRANSPORTE DE PASSAGEIROS E TURISMO LTDA', '27.109.870.8', 'Trav. Ariston Luiz, Centro', 'Nossa Sra das Dores', '', '49600-000', '3217-8404', '99806-3279', '', 'atendimento@aliancatur.com', '\r\natendimento@aliancatur.com\r\n\r\nInscr.5402670-02', 1, 0.00),
	(456, 'Pemagri Peças e Maquinas Agricola Ltda', '', '', '08.489.098.0002/85', NULL, '240.665.36.8', 'Br 101 quilometro 92, nº 214', 'Socorro', '', '', '', '', '', '', 'Rafael.', 1, 0.00),
	(457, 'Eric', '', '', '', NULL, '', '', '', '', '', '', '', '', '', 'Cada Camisa ficou 11,50 Band>sergipe + Triangulo+Simb fist(costa)+Eletriciadade em peito.', 1, 0.00),
	(458, 'Macks Ponto Ltda', '', '', '05.113.372/0001-48', NULL, '27.113.590-5', 'Av. Edesio Vieira de Melo, 2280', 'Aracaju', '', '', '', '', '', '', '', 1, 0.00),
	(459, 'Clifert-Clínica de Fertilidade e Assist.Médica Procriação Ltda.', '', '', '04.639.214/0001-63', NULL, '', 'Rua Frei Paulo,nº 331 ', 'Aracaju', 'Se', '', '3211-8658', '', '', '', '', 1, 0.00),
	(460, 'Sindisan', '', '', '15.608.599.0001-18', NULL, 'isento', 'Rua Marechal Deodoro, 1024', 'Aracaju', '', '', '', '', '', '', '', 1, 0.00),
	(461, 'Sindsan', '', '', '15.608.599.0001-18', NULL, 'isento', 'Rua Marechal Deodoro, 1024', 'Aracaju', 'se', '', '', '', '', '', '', 1, 0.00),
	(462, 'Cond. Residencial Laguna Ville', '', 'Karine', '11221947/0001-49', NULL, 'Isento', 'Rua 2     / 120 Aruana', 'Aracaju ', 'SE', '', '', '', '', '', '', 1, 0.00),
	(463, 'Márcia Fernanda de Andrade Moraes', 'PROPRIETÁRIA', 'MÁRCIA', '778979605-44', NULL, '', 'Av. Osvaldo Aranha 733, São Conrado ', '', '', '', '3241-3471', '', '', '', '', 1, 0.00),
	(464, 'Cond. Edfício Premium', '', 'Karine', '10551677/0001-71', NULL, 'Isento', 'Av. Francisco Porto   / 95 13 de Julio', 'Aracaju', 'SE', '', '', '', '', '', '', 1, 0.00),
	(465, 'Cond. Residencial Atlantico Sul', '', 'Karine', '08613122/0001-65', NULL, 'Isento', 'Rodovia dos Nalfragos / 12320  ( B. Mosqueiro)', 'Aracaju ', 'SE', '', '', '', '', '', '', 1, 0.00),
	(467, 'Perfil e produções em Eventos Ltda -ME', '', '', '10157679/0001-80', NULL, 'isento', 'Rua Astrogesilo Santana Filho, 49', 'Aracaju', 'se', '', '', '', '', '', '', 1, 0.00),
	(468, 'Jafrio Ar Condicionado', '', 'Sr Miguel', '09624013/0001-06', NULL, 'isento', 'Rua João Rocha Sobrinho, 97', 'Aracaju', 'se', '', '', '', '', '', '', 1, 0.00),
	(470, 'AC Engenharia', '', '', '13358072/0001-57', 'A C ENGENHARIA LTDA', '27077884-5', 'Rua 4, nª 18 - Jabotiana', 'Aracaju', 'SE', '49095-000', '', '', '', 'administrativo@acengenhariase.com.br ', '', 1, 0.00),
	(471, 'Cond.Mansão Lauro Pôrto', '', '', '08.840.215/0001-22', NULL, 'Isento', 'Av Beira Mar, 280', '', '', '49020-010', '3211-3606', '', '', '', '', 1, 0.00),
	(472, 'Escritorial Informática Ltda.', '', '', '32.886.350/0001-93', NULL, '27.085.180-1', 'Av. Acrisio Cruz, 567  Bairro Sagado Filho.', 'Aracaju', 'SE', '', '', '', '', '', '', 1, 0.00),
	(473, 'Ah Promoções Eventos e Comércio Ltda', '', '', '08.267.115/0001-59', NULL, '27.115.918-9', 'Rua Eng. Marcondes Ferraz, 33 ', 'Aracaju', '', '', '', '', '', '', '', 1, 0.00),
	(474, 'Erivaldo Maneses Vasconcelos', '', '', '171. 673.105-49', NULL, 'insento', 'Rua G 4/ Nº 271 Conj. Bugio, na rua da Panificação Mundial', 'Aracaju', 'Se', '', '', '', '', '', '5% desconto', 1, 0.00),
	(475, 'Souza Cruz S.A.', '', '', '33.009.911/0063-31', NULL, 'Isento', 'Rua Rafael de Aguiar  / 1136 ( B. Pereira Lobo)', 'Aracaju', 'SE', '', '', '', '', '', '', 1, 0.00),
	(476, 'Pinheiro Serviços Tercerizáveis Ltda', '', '', '10785006/0001-75', NULL, 'Isento', 'Av Rio Branco ,186,Sala 408 Edf Oviedo Texeira', 'Aracaju', 'SE', '', '', '', '', '', '', 1, 0.00),
	(477, 'Arnaldo Vieira Menezes', '', '', '12722871572', NULL, 'Isento', 'Rua Riachão, 494 - Bairro Getúlio Vargas', 'Aracaju ', 'Se', '', '3259-2758', '', '', '', 'arnaldovieira08@gmail.com\r\n\r\n\r\nDu Militar', 1, 0.00),
	(478, 'Refriman Ltda', '', '', '02681698/0001-83', NULL, '27098992-7', 'Rua Acre  / 1619', 'Aracaju', 'SE', '', '', '', '', '', '', 1, 0.00),
	(479, 'Pedro Porto da FOlha', '', '', '', NULL, '', '', '', '', '', '', '', '', '', '', 1, 0.00),
	(480, 'Marco Mattos Engenharia Ltda', '', '', '13.374.822/0001-84', NULL, '27.078.945-6', 'Rua D. Pedro II, 111', 'Aracaju', 'se', '', '', '', '', '', '', 1, 0.00),
	(481, 'Residencial Porto dos Corais', '', 'Karine', '09436974/0001-97', NULL, 'Isento', 'Rua Tenente Valdir dos Santos / 554', '', '', '', '', '', '', '', '', 1, 0.00),
	(482, 'Dicom Engenharia Ltda.', '', 'Suely', '03828748/0001-75', NULL, '27108027-2', 'Rua Manoel Espirito Santo /88 Grajerú', 'Aracaju', 'SE', '', '', '', '', '', '', 1, 0.00),
	(483, 'Discar Distribuidora de Carros Ltda', '', 'Elis', '13032768/0003-50', NULL, '27.103.472-6', 'Rua Delmiro Gouveia / 500  (Coroa do Meio)', 'Aracaju', 'SE', '', '', '', '', '', '', 1, 0.00),
	(484, 'Sociedade de Educação Tiradentes S/S Ltda', '', 'HUGO', '13013263/0001-87', NULL, 'ISENTO', 'Av. Murilo Dantas, Farrolândia, 300', 'Aracaju', '', '', '', '', '', '', '', 1, 0.00),
	(485, 'Unidade Cardiotorácica de Sergipe Ltda.', 'Macedo', 'Denis', '15610595/0001-74', NULL, 'Isento', 'Av. Gonçalo Rolemberg Leite / 1813 ( Bairro Índio Palentin)', 'Aracaju', 'SE', '', '98172-8806', '', '', '', '', 1, 0.00),
	(486, 'Verônica ( Aquidabã)', '', '', '', NULL, '', '', '', '', '', '', '', '', '', 'Rua Estância 1517,. entre Gararu e Riachão', 1, 0.00),
	(487, 'Mel Moda Praia ( Carlos )', '', '', '', NULL, '', 'Rua Toledo de Morais,100', 'Ponto Novo', '', '     -', '99825-8610', '     -', '     -', '', 'melmodapraia@yahoo.com.br\r\n98855-1303(Mel Moda Praia)', 1, 0.00),
	(488, 'Erivaldo( Moda Rio)', '', '', '', NULL, '', 'Rua G4 271, ( Rua da Panificação Mundial )  Bugio', 'Aracaju', '', '', '9994-7431', '', '', '', '', 1, 0.00),
	(489, 'Antônio Regis de Melo Rocha', '', 'Izaura', '430020485-34', NULL, '', 'Av. São Cristóvão 4265', '', '', '', '', '', '', '', '', 1, 0.00),
	(491, 'Centro de Saúde Prof. José Augusto Barreto', '', '', '03.147.041/0001-01', NULL, 'Isento', 'Av. Gonçalves Rollemberg, 211 Bairro São José', 'Aracaju', '', '', '3211-3169', '', '', '', '', 1, 0.00),
	(492, 'Pandoro Comércio de Alimentos Ltda ', '', 'Pandoro', '10722566/0001-80', NULL, '27125455-6', 'Rua Deputado Euclides Paes Mendonça,105', 'Aracaju', 'SE', '49020-460', '32462-600', '     -', '     -', 'pessoal@pandoroaracaju.com.br', '', 1, 0.00),
	(493, 'Erisvaldo Meneses Vasconcelos', '', '', '171673105-49', NULL, '', 'Rua G4 271, Bugio', 'Aracaju', '', '     -', '     -', '     -', '     -', '', 'Reajuste dia 01/12/2017', 0, 0.00),
	(494, 'Dosea Consultoria e Corretagem de Seguros', '', '', '32770786/0001-12', NULL, 'isento', 'Zaqueu Brandão   134', 'Aracaju', '', '49010-030', '79-3211-6811', '', '', '', '', 1, 0.00),
	(495, 'Cond.Residencial Villa Viver', '', '', '11218972/0001-73', NULL, 'isento', 'Rua antonio José dos Santos,05 ', 'Aracaju', 'se', '', '', '', '', '', '', 1, 0.00),
	(496, 'Laboratorio Visual Ltda', '', '', '08964737/0001-36', NULL, '27120167-3', 'Rua Laranjeiras, nº 608 ', 'Aracaju', 'se', '49010000', '', '', '', '', '2104-6500  / 9127-5693( MOTORISTA)  \r\n\r\nantonioalves@visolab.com.br ', 1, 0.00),
	(497, 'Paróquia São Domingos Sávio', '', '', '13043021/0066-81', NULL, 'Isento', 'Rua João Rocha Sobrinho, nº 181', 'Aracaju', 'se', '', '', '', '', '', '', 1, 0.00),
	(498, 'Jardins Delicatessen Ltda', '', '', '01984422/0002-92', NULL, '271076837', 'Av. Francisco Porto, nº 140', 'Aracaju', 'se', '', '', '', '', '', '', 1, 0.00),
	(499, 'Gbarbosa Hiper Sul', '', '', '39346861/0072-55', NULL, 'Isento', 'Av. Melicio Machado, nº 1060', 'Aracaju', '', '', '', '', '', '', '', 1, 0.00),
	(500, 'BOMFIM-Empresa Senhor do Bomfim Ltda', '', '', '13012141/0001-76', NULL, '27.000.036-4', 'Rua Roberto de Morais, 91', 'Aracaju', 'SE', '', '2107-1952', '', '', '', 'monicavieira@bomfim.com.br', 1, 0.00),
	(501, 'Mardisa Veículos Ltda', '', '', '63411623/0001-77', NULL, '270533761', 'Rod. BR 101, KM 92', 'N Sra Socorro ', 'SE', '', '', '', '', '', '', 1, 0.00),
	(503, 'Radiadores Sergipe Ltda', '', '', '1512013/0001-99', NULL, '27060492-8', 'Av Osvaldo Aranha 433', 'Aracaju', 'SE', '', '', '', '', '', '', 1, 0.00),
	(504, 'Raimundo Andrade do Carmo', '', '', '10278675/0001-50', NULL, 'Isento', 'Rua Floriano Peixoto, nº17', 'Aracaju', 'SE', '', '', '', '', '', '', 1, 0.00),
	(505, 'Nassal Nascimento e Sales Contruções Ltda', '', 'Dora', '15616691/0001-20', NULL, '27060929-6', 'AV Chesf, 612', 'São Cristovão', 'SE', '', '', '', '', '', '\r\nR$ 2.580,00', 1, 0.00),
	(506, 'Art Showus Producões Artísticas LTDA', '', '', '10538086/0001-64', NULL, '', 'Av. Gonçalo Prado Rolembergue  Nº 1309', 'Aracaju', 'SE', '', '', '', '', '', '', 1, 0.00),
	(507, 'edjane da deso.', '', '', '', NULL, '', '', '', '', '', '', '', '', '', 'Mascote 3,80 + bandBrasil 2,20', 1, 0.00),
	(508, 'Secretária de Estado da Casa Civil', '', '', '13128798/0005-27', NULL, 'isento', 'Av Adélio Franco, nº 3305', 'Aracaju ', 'se', '', '', '', '', '', '', 1, 0.00),
	(509, 'Frisul Alimentos e Serviços Ltda', '', '', '32707614/0001-02', NULL, '27083716-7', 'Rua Roberto Fonseca N 2', 'Aracaju ', 'SE', '', '', '', '', '', '', 1, 0.00),
	(510, 'Oficina do Micro Informática Ltda.', '', '', '04.978.159/0001-36', NULL, '27.105.804-8', 'Av Hermes Fontes, nº 525 ', '', '', '', '', '', '', '', '', 1, 0.00),
	(511, 'Doralice Alves da Costa Silva ', '', '', '05066730/0001-09', NULL, '27106344-0', 'rua 21 501 Parque dos Faróis ', 'N Sra Socorro', '', '', '', '', '', '', '', 1, 0.00),
	(512, 'Sociedade de Educaçao Tiradentes S/S Ltda.', '', '', '13013263/0001-87', NULL, 'Isento', 'Av. Murilo Dantas, 300', 'Aracaju', 'se', '49032490', '', '', '', '', '', 1, 0.00),
	(513, 'Tecmedh Equipe. Hospitalar Ltda ', '', '', '05.220.197/0001-98', NULL, '27.124.465.8', 'Rua Dom José Thomaz, 314', 'São José', '', '49.015.09', '', '', '', '', '', 1, 0.00),
	(514, 'Gold Empreendimentos Ltda', '', '', '07177190/0001-66', NULL, 'Isento', 'Rua Siriri, 897', 'Aracaju', 'se', '', '', '', '', '', '', 1, 0.00),
	(515, 'Cond. Edifício Fernando Sampaio', '', '', '01158868/0001-87', NULL, 'isento', 'Av. Beira Mar, 452', 'Aracaju', 'se', '', '', '', '', '', '', 1, 0.00),
	(516, 'Legião da Bõa Vontade', '', 'Jandira', '3391560419-05 ', NULL, 'Isento', 'Av. Jucelino Kubisthek  / 832', 'Aracaju', 'SE', '', '', '', '', '', '', 1, 0.00),
	(517, 'Associação Comunitária N Sra do Desterro', '', '', '32.784.571/0001-50', NULL, 'Isento', 'Rua Jackson de Figueiredo,sn', 'Japoatã', 'se', '', '', '', '', '', '', 1, 0.00),
	(518, 'LRA confecções Ind Comércio Ltda', '', '', '05.924.015/0001-60', NULL, 'Insento', 'Rua Amazonas Trav. Trindade ,37 Siqueira Campos', 'Aracuju -SE', '', '', '3214-9956   ', '99828317', '', 'lraindustriaecomercio@yahoo.com.br', '\r\nlraindustriaecomercio@yahoo.com.br\r\n\r\nReajuste 01-12-2015( aprox 10%)', 1, 0.00),
	(519, 'Geraldo', '', 'Geraldo', '', NULL, '', 'Rua Euclides Figueiredo,1255 prox. ao Sesi Sto Dumont', 'Aracaju', 'SE', '', '9135-4602', '3245-1481', '', '', '3245-1481/6179', 1, 0.00),
	(520, 'Freeway Serviços, Locação e Empreendimentos Ltda', '', '', '07151775/0001-07', NULL, '', 'Rua Manoel Rodrigues de Carvalho, s/n ', 'Riachuelo ', '', '', '', '', '', '', '   ', 1, 0.00),
	(521, 'Parque Residencial Alphaville1', '', '', '32753170/0001-33', NULL, 'isento', 'Av Gonçalo Rollemberg Leite, 1960 ', 'Aracaju ', 'se', '', '', '', '', '', 'Retirada nota para Miguel Carlos.', 1, 0.00),
	(523, 'Leda [ Siguera Campos]', '', '', '', NULL, '', '', '', '', '', '', '', '', '', '', 1, 0.00),
	(524, 'Pousada Freitas Cunha Ltda', '', '', '10776247/0001-58', NULL, 'Insento', 'Rod. dos Náufragos   Nº 5528', 'Aracaju', 'SE', '', '', '', '', '', 'marciocunha@hotmail.com', 1, 0.00),
	(525, 'Marco Mattos Engenharia', '', 'Marco Mattos Engenharia Ltda  ', '13374822/0001-84', NULL, '27078945-6', 'Rua D. Pedro II  Nº 111  Ponto Novo', 'Aracaju', 'SE', '', '', '', '', '', '', 1, 0.00),
	(526, 'Laboratório de Anatomia Patológica Dra Mônica de Araújo Ltda', '', '', '03118657/0001-46', NULL, 'Isento', 'Av. Gonçalo Rolembergue Nº 1684', '', '', '', '', '', '', '', '', 1, 0.00),
	(527, 'José Robson dos Anjos Lima ME', '', 'Robson', '04619764/0001-10', NULL, '65832710', 'Praça da Rodoviária s/n', 'Paripiranga', 'BA', '', '(75)3279-2865', '', '', '', '', 1, 0.00),
	(528, 'Mirelle Car Service Ltda-Me', '', '', '06.120.526/0001-91', NULL, '271095/21', 'R. Germiniano Maia   Nº 700    Salgado Filho.', 'Aracaju', 'SE', '', '', '', '', '', '', 1, 0.00),
	(529, 'Coca Cola', '', '', '', NULL, '', '', '', '', '', '', '', '', '', 'alberly.rosa@secv.com.br', 1, 0.00),
	(531, 'Laclise Laboratório Clinico Sergipano', '', '', '13075676/0001-96', NULL, 'isento', 'Rua Bahia, 975 siqueira campos', 'aracaju', 'se', '', '', '', '', '', '', 1, 0.00),
	(532, 'Oab-se', '', '', '13.122.676/0001-08', NULL, 'isento', 'Av Ivo do Prado,1072', '', '', '', '', '', '', '', '', 1, 0.00),
	(533, 'Cond. Resid. Recanto das Garças', '', '', '08710057/0001-96', NULL, 'isento', 'Rua B,201', '', '', '', '', '', '', '', '', 1, 0.00),
	(534, 'Sind. das Empresas de Transp. de Passageiros do Municipio de Aracaju', '', '', '32857930/0001-52', NULL, 'Isento', 'Av. Tancredo Neves  Nº 261', 'Aracaju', 'SE', '', '', '', '', '', '', 1, 0.00),
	(536, 'Elifrios Comércio Refrigeração e Serviços Ltda.', 'Vitória', '', '05.814.524/0001-30', NULL, '27.109.6268', 'Av. Edézio Vieira de Melo  Nº 2170  B. Suíssa.', 'Aracaju', 'SE', '', '3211-8941', '', '', '', 'supervisaoadm@elifrios', 1, 0.00),
	(537, 'Dengo & Cia Fitnes Ltda ME', 'Walbert', '', '11449086/0001-50', NULL, '27127293-7', 'Rua Promotor José Medeiros,307,Farolândia ', '', '', '', '', '', '', '', '9986-6388/8806-4430\r\nRua E3', 1, 0.00),
	(538, 'Refriman  Ltda.', '', '', '026.816.98/0001-83', NULL, '27098992-7', 'Rua Acre   Nº  1619', 'Aracaju', 'Se', '', '3246-4036', '', '', '', '', 1, 0.00),
	(539, 'Colégio Arquidiocesano', '', '', '13018668/0001-08', NULL, 'isento', 'Rua Dom José Thomaz 194,São José ', '', '', '', '', '', '', '', '', 1, 0.00),
	(540, 'Henrique Brandão Menezes Faz. Taquari', '', '', '00259624500', NULL, '', 'Fazenda Taquari   S/N', 'Capela', 'SE', '', '', '', '', '', '', 1, 0.00),
	(542, 'Friuse Com. Representações e Distribuição', '', '', '03852781/0001-30', NULL, '271011702', 'Av Heraclito Rollemberg, 2012', 'Aracaju', '', '49030640', '3248-5339', '98482284', '', '', 'friuse@uol.com.br', 1, 0.00),
	(543, 'RFS Casas de Chá e Com. de Alimentos Ltda', '', '', '08997755/0001-14', NULL, '27120406-0', 'Av Ministro Geraldo Barreto Sobral, 215 - Jardins', 'Aracaju', 'SE', '49026-010', '32462-600', '     -', '     -', '', '', 1, 0.00),
	(544, 'Parque Residencial Vivendas de Aracau', '', '', '05.019.631/0001-76', NULL, 'Isento', 'Av. Augusto Franco   Nº 2.000', 'Aracaju', 'SE', '49075-100', '     -', '     -', '     -', 'adm.vivendasaracaju@gmail.com', '', 1, 0.00),
	(545, 'Severiana de Morais Neta Rodrigues', '', 'Jaqueline', '32755415/0001-61', NULL, '27075726-0', 'Av. Dep. Martiliano Guimarães 17', 'Propriá', 'SE', '', '793322-1411', '', '', '', '', 1, 0.00),
	(546, 'União Consultoria Ltda', '', '', '07576109/0001-10', NULL, 'Isento', 'Rua Construtor Genival Maciel    Nº 75', 'Aracaju', 'SE', '', '', '', '', '', '', 1, 0.00),
	(547, 'MD Distribuidora de Alimentos Ltda ', '', '', '04253727/0001-31', NULL, '271133325', 'Rua Paraiba,92 Sto Dumont', 'Aracaju', '', '', '', '', '', '', '', 1, 0.00),
	(548, 'Guardiã Serviços Terceirizados Ltda EPP', '', '', '10315940/0001-23', NULL, 'Isento', 'Av. Edésio Vieira de Melo Sala 01   Nº 917  B. Suíssa', 'Aracaju', 'SE', '', '9933-9340/88360', '', '', '', 'Rita', 1, 0.00),
	(549, 'Gavea locadora de veiculos', '', '', '045756030/0001-72', NULL, 'isento', 'Av poço do Mero, 1281', 'Aracaju', 'se', '', '', '', '', '', '', 1, 0.00),
	(551, 'Indústria e Comércio de Confecções Jhs Ltda ME', '', '', '04.402.037/0001-05', NULL, '028155912', 'Rua Ambrosio Machado, 194', 'Recife', 'PE', '50670-010', 'Bairro Iptunga', '', '', 'pedro@jhsnet.com.br', '(81) 2137-0910', 1, 0.00),
	(552, 'Graziela ', '', '', '', NULL, '', '', '', '', '', '3212-1600', '', '', '', '', 1, 0.00),
	(553, 'Indústria e Comércio de Confecções Jhs Ltda ME', '', '', '04.402.037/0001-05', NULL, '028155912', 'Rua Ambrosio Machado, 194 Bairro Iptunga', 'Recife', '', '50670-010', '', '', '', '', '', 1, 0.00),
	(554, 'Ney Guinchos', '', '', '12.512.385/0001-55', NULL, '540.04.39', 'Rua 92 nº 98', 'São Cristovão', '', '', '', '', '', '', '', 1, 0.00),
	(555, 'Verde Vida Condominio Club', '', '', '11.718.237/0001-29', NULL, 'isento', 'Av Projetada,1100 ', 'Aracaju', 'se', '', '', '', '', '', '', 1, 0.00),
	(556, 'Suzana', '', '', '', NULL, '', '', '', '', '', '9986-6968', '', '', '', '', 1, 0.00),
	(557, 'Fundo Municipal de Saúde', '', '', '11.718.406/0001-20', NULL, 'Isento', 'Rua Sergipe, 1310', 'Aracaju', 'se', '', '', '', '', '', '', 1, 0.00),
	(558, 'Octeventos Organiz Ciencias e tec de eventos ltda ME', '', '', '10.835.552/0001-73', NULL, 'ISENTO', 'Rua tatiana Castro, 4409', 'Aracaju', 'se', '49025260', '', '', '', '', '', 1, 0.00),
	(559, 'Industria e Comercio de Confecções Jhs Ltda ME', '', '', '04.402.037/0001-05', NULL, '028.155.912', 'Rua Ambrosio Machado, 194', 'Recife', 'pe', '50670-010', '', '', '', '', '', 1, 0.00),
	(561, 'Cooperativa de Transportes Alternativo de Estancia Ltda', '', '', '03.972.446/0001-76', NULL, 'isento', 'Largo Santo Antonio/Mini Rodoviaria, s/n', 'Estancia', 'se', '', '', '', '', '', '', 1, 0.00),
	(562, 'Asa Brasil Serviços Ltda', '', '', '05.213.468/0002-69', NULL, 'isento', 'Rod. Cesar Franco S/N Pov. Jatobá', 'Barra dos Coque', 'SE', '', '', '', '', '', '', 1, 0.00),
	(563, 'S/A Manoel de Aguiar Menezes', '', '', '13.004.627/0001-62', NULL, '', 'Av. Barão de Maruim  Nº 49  Centro', 'Aracaju', 'SE', '', '3226-8000', '', '', '', '', 1, 0.00),
	(564, 'Hib Health Institute Brazil', '', '', '11334065/0001-90', NULL, 'isento', 'Rua Zaqueu Brandão, 82', 'Aracaju', 'SE', '', '', '', '', '', '', 1, 0.00),
	(566, 'Lucio Miguel Guimaraes Machado', '', '', '661.529.255-68', NULL, '', 'Rua D, Aptº 203 Bloco 03, nº 246', 'Aracaju', 'se', '', '99905-0203', '', '', '', '', 1, 0.00),
	(567, 'Josefa Anamira Tavares Montalvão', '', '', '155051385-00', NULL, '', 'Pça da  Imprensa n98 B. são josé.', '', '', '', '', '', '', '', '', 1, 0.00),
	(568, 'Colégio Santanna de Sergipe Ltda', 'Rodrigo ', '', '05275438/0001-04', NULL, '', 'Av Sãio João Batista ,1250,Castelo Branco', 'Aracaju', '', '', '3259-5454', '', '', '', 'vanessa@colegiosantanna -se.com.br', 1, 0.00),
	(570, 'JÚNIOR ( MAY THAI)', '', '', '', NULL, '', '', '', '', '', '8817-1770', '', '', '', '', 1, 0.00),
	(571, 'Nora ', '', '', '', NULL, '', '', '', '', '', '031793631-2687', '', '', '', 'Entrega  a partir de 100 peças  A ponto Fino paga R$ 12,00( viagem)\r\n9958-0168', 1, 0.00),
	(572, 'Condominio Icone Residence', '', '', '08.723.746/0001-35', NULL, 'isento', 'Av Adélia Franco, nº 2403 Bairro Grageru', 'Aracaju', 'SE', '', '', '', '', '', '', 1, 0.00),
	(573, 'Pequeno lider Ltda.', '', '', '09.161.174.0001-00', NULL, 'isento', 'Rua João Rocha Sobrinho, 245 pereira lobo.', '', '', '', '99602-8456', '', '', '', '\r\n', 1, 0.00),
	(574, 'Car office Centro Estética Auto M. Ltda.', '', '', '10.446.595/0001-6', NULL, 'isento', 'Rua Nestor Sampaio, s/n', 'Aracaju', 'se', '', '', '', '', '', '', 1, 0.00),
	(575, 'Le Chef Empreendimentos Ltda', '', '', '05383717/0001-83', NULL, '271250712', 'Rua Dr Benedito Guedes,SN', 'Aracaju', 'se', '', '', '', '', '', '3243-0681/ 9930-1200 ANNE (2013)\r\nfinanceiro@grupolechef.com', 1, 0.00),
	(576, 'Condominio resid. Edficio Denio Goes', '', '', '12.949092/0001-30', NULL, 'Isento', 'Rua Urquiza Leal nº 140', '', '', '', '', '', '', '', '', 1, 0.00),
	(577, 'Taxista Naldo', '', '', '', NULL, '', '', '', '', '', '9973-7474', '', '', '', '', 1, 0.00),
	(578, 'Ari - José Ariocy  Silva Santos', '', '', '236.256.865.20', NULL, '', 'Rua C13 nª 78', '', '', '49042-230', '32512-680', '     -', '     -', '', 'Reajuste dia 01/12/2017\r\nPassa o Ponto Banese\r\n1 Rua a direita\r\n1 Esquerda\r\nRua atras do Caju Cap', 1, 0.00),
	(579, 'Vanessa de Oliveira Bastos Matos', '', '', '905923015-91', NULL, '', 'Rua Dr. Márcio Rollembergue Leite ,433', 'Aracaju', '', '', '', '', '', '', '', 1, 0.00),
	(580, 'Colégio Prof. José Olino de Lima Neto ', '', 'Eliana', '32894776/0001-99', NULL, '', 'Rua Zaque Brandão ,542', 'Aracaju ', '', '', '3214-3690', '', '', '', '', 1, 0.00),
	(581, 'Colégio Prof. José Olino', '', '', '32894776/0001-99', NULL, '', 'Rua  Zaqueu Brandão 542,', '', '', '', '', '', '', '', '', 1, 0.00),
	(582, 'Cond Residencial Classic Jardins', '', '', '08.507753/0001-08', NULL, 'Isento', 'Rua Dr. Augusto César Leite, 941', 'Aracaju', 'Se', '', '3231-4904', '9823-9414', '', '', '', 1, 0.00),
	(583, 'Rix Comércio Ltda ', '', '', '10588415/0001-81', NULL, '27123829-1  ', 'Av Augusto Franco 2065', '', '', '', '', '', '', '', '', 1, 0.00),
	(584, 'Fábrica de Confecçõe Imprime Ltda -Me', '', 'Grace Kelly', '09551054/000110', NULL, '27122917-9', 'Av Zacarias Júnior 587- Centro ', 'Lagarto ', 'SE', '     -', '36312-687', '     -', '     -', '', 'Evaldo 99986-6526\r\nForma de pagamento 30 dias  \r\nimprime.se@hotmail.com\r\nfinanceiro@imprimelagarto.com.br', 1, 0.00),
	(585, 'Uniforte  ', '', '', '02081570/0001-89', NULL, '', 'Rua Porto Alegre 580,  Siqueira Campos ( rua do Samu)', '', '', '', '', '', '', '', '', 1, 0.00),
	(586, 'Cond.Edf. Royal Palace', '', '', '32711608/0001-10', NULL, 'Isento', 'Av. Barão de Maruim, 277', 'Aracaju', 'se', '', '', '', '', '', '', 1, 0.00),
	(587, 'Edivânia ', '', '', '', NULL, '', '', '', '', '', '3211-7606', '', '', '', '', 1, 0.00),
	(588, 'Evo Cast', '', '', '07.410.789/0001-06', NULL, '27.111.975-6', 'Av. Antonio Alves,nº 628', '', '', '', '', '', '', '', '', 1, 0.00),
	(590, 'Vanda ', '', '', '', NULL, '', '', '9865-0644', '', '', '', '', '', '', '', 1, 0.00),
	(591, 'Cleia Toalhas', '', '', '', NULL, '', '', '', '', '', '9974-1567', '', '', '', '', 1, 0.00),
	(592, 'Federação do Com.de Bens, Srve.e Turismo do Estado de Sergipe', '', '', '13.040.811/0001-68', NULL, 'isento', 'Rua Dom José Tomaz, 235  Bairro São Jose', 'Aracaju', 'Se', '49015-090', '', '', '', '', '', 1, 0.00),
	(593, 'Casa das Tintas Com e Representação Ltda', '', '', '13.073.747/0002-00', NULL, '270872213', 'Av. Min. Geraldo Barreto Sobral   Jardins  Nº  100', 'Aracaju', 'SE', '', '', '', '', '', '', 1, 0.00),
	(594, 'Agroconsulte Comércio e Representação', '', '', '06.236.369/0001-84', NULL, '271118300', 'Av. Osvaldo Aranha', 'Aracaju', 'SE', '', '', '', '', '', '', 1, 0.00),
	(595, 'Millenium Residence', '', '', '04864117/0001-49', NULL, 'isento', 'Av Pedro Valadares, 909 ', 'Aracaju', 'se', '', '3232-2696', '', '', '', '', 1, 0.00),
	(596, 'Tecnoconsult Engenharia Ltda', '', '', '32780785/0001-59', NULL, '27017518-8', 'Rua Francisco Gumercindo Bessa, 165', 'Aracaju', 'se', '49025-220', '', '', '', '', '', 1, 0.00),
	(597, 'Erivalda Barbosa Vasconcelos', '', '', '409.219.055-72', NULL, 'insento', 'Praça Clodoaldo Alencar S/N', 'Aracaju', '', '', '32311284', '', '', '', '171673105-49\r\nsenha mt33p', 1, 0.00),
	(598, 'Condomínio Alpha Class Residence', '', '', '13.132.860.0001-20', NULL, 'Isento', 'Rua 5 , Nº 500 Conj. Costa Nova 1', '', '', '49038-78', '', '', '', '', '', 1, 0.00),
	(599, 'Wave Confecções Ltda ME', '', '', '12559798/0001-95', NULL, '27128659-8', 'Rua Bahia, 1528, Siqueira campos', 'Aracaju', '', '', '', '', '', '', '', 1, 0.00),
	(600, 'Casa vip Comercial Ltda', '', '', '08.689.490/0001-97', NULL, '271195819', 'Rua Celso Olivia, nº80', '', '', '', '', '', '', '', '', 1, 0.00),
	(601, 'Condominio Moradas do Adriático ', '', '', '04.189.995/001-31', NULL, 'Isento', 'Av Adélia Franco, 3662', 'Aracaju', 'se', '', '', '', '', '', '', 1, 0.00),
	(602, 'Fernando Augusto de Moraes Silva', '', 'Casa das Tintas ', '13073747/0002-00', NULL, '27087221-3', 'Av Ministro Geraldo Barreto Sobral ,100 Jardins', 'Aracaju', '', '', '3217-7447', '', '', '', '', 1, 0.00),
	(603, 'Edificio Dulce vasconcelos', '', '', '10.266.049/0001-44', NULL, 'Isento', 'Rua Heriberto Rezende Gois, 581', 'Aracaju', 'se', '', '', '', '', '', '', 1, 0.00),
	(604, 'Márcio Jean Rezende de Sá', '', '', '712490795-00', NULL, '', 'Trav. Sebastião Figueiredo ,44', 'Aquidabã ', '', '', '', '', '', '', '', 1, 0.00),
	(605, 'Ideal Roupas Proficionais', '', '', '11.620.468/0001-03', NULL, '27.127.392-5', 'Rua Amazonas,nº 173 ', 'Aracaju', 'se', '', '3211-4333', '', '', '', '', 1, 0.00),
	(606, 'Prime Telecomunicação ', '', '', '12601058/0001-70', NULL, '', 'Av Lourival Chagas Grageru ,337', '', '', '', '3231-8962', '', '', '', '', 1, 0.00),
	(607, 'Moinhos de Trigo Indigena S/A Motrisa', '', '', '', NULL, '', 'Av. Comendador Leão ,880, Maceió Alagoas ', 'Maceió', 'Al', '', '', '', '', 'secretaria@motrisa.com.br', '', 1, 0.00),
	(608, 'Condominio Reserva Garcia', '', '', '13.216.928/0001-50', NULL, 'Isento', 'Rua Orlando M. Maia, 1416 Grageru', 'Aracaju', 'se', '', '', '', '', '', '', 1, 0.00),
	(609, 'Madisa Veículos Ltda', '', '', '63.411.623/0001-77', NULL, '270533761', 'Rod. Br 101 Km 92,s/n', '', '', '49160000', '', '', '', '', '', 1, 0.00),
	(610, 'Servdonto', '', '', '05774975/0001-90', '', 'isento', 'Rua Cedro  Nº 178  Bairro São José', 'Aracaju', '', '', '(79)99837-4525', '', '', '', '', 1, 0.00),
	(611, 'Carlson Camilo S. Cerqueira', '', '', '01600731546 ', NULL, '', 'Av Dr. Franciso Moeira,741', '', '', '', '', '', '', '', '', 1, 0.00),
	(612, 'Maria Luiza da Silva Ferraz Bomfim B&F', '', '', '08.017.711.0001/80', NULL, 'isento', 'Rua Francisco Alves de Lima, 226A Bairro America', 'Aracaju', 'se', '', '', '', '', '', '', 1, 0.00),
	(613, 'Agrovel perla', '', '', '13161435000160', NULL, '', '', '', '', '', '3234-9161', '', '', '', 'Jose  Tel: 9644-4612\r\n', 1, 0.00),
	(614, 'lene costureira', '', '', '', NULL, '', '', '', '', '', '3211-4511', '', '', '', '', 1, 0.00),
	(615, 'BCH WILSON', '', '', '', NULL, '', '', '', '', '', '3216-7706', '9145-2772', '', '', '', 1, 0.00),
	(616, 'Bch Energy do Brasil Serv. Petroleo Ltda', '', '', '07.989.725/0006-08', NULL, '27.124.882-3', 'Rua O, 1 nº 185', 'Aracaju', 'se', '', '', '', '', '', '', 1, 0.00),
	(617, 'Vulcabras/azaléia SE Calçados e Artigos Esportivos ltda', '', '', '94.806.957/0001-73', NULL, '27.107.286-5', 'Rua André Avelino Nascimento, 114', 'Frei Paulo', 'se', '', '3447-1700', '9815-3193', '', '', '', 1, 0.00),
	(618, 'SUPPORT INFORMATICA', '', '', '04.041.252/0001-10', 'SUPPORT INFORMATICA LTDA', '27101664-7', 'Av. Edézio Vieira de Melo  B. Suíssa  Nº  1170', 'Aracaju', 'SE', '49052-240', '3302-5707', '', '', '', '', 1, 0.00),
	(619, 'G3 Consultoria e Assessoria', '', '', '10.513.944/0001-16', NULL, 'Isento', 'Av Hermes Fontes,2064', 'Aracaju', 'SE', '', '', '', '', '', '', 1, 0.00),
	(620, 'Loc Construções e Empreendimentos Ltda', '', '', '04.214.147/0001-35', NULL, '27.111.781-8', 'Rua Desembargador José Sotero, nº 355 ', '', '', '49020-110', '', '', '', '', '', 1, 0.00),
	(621, 'Wave Confecções Ldta-ME', '', '', '12559798/0001-95', NULL, '27.128.659-8', 'Rua Bahia, nº 1528 Siqueira Campos', '', '', '', '', '', '', '', '', 1, 0.00),
	(622, 'Banese Adm. e Corretora de Seguros Ltda', '', '', '13.180.351/0001-73', NULL, 'Isento', 'Av. Dr. Roosewelt Dantas Cardoso de Menezes, 1146', 'Aracaju', 'SE', '49010-410', '', '', '', '', '', 1, 0.00),
	(623, 'Nordeste Administradora de Condomínio', '', 'Daniele', '11.321.910/0001-92', '', '81.485-0', 'Rua Lourival  Andrade  nº  138  B. Inácio Barbosa', 'Aracaju', 'SE', '     -', '3231-0933', '99959-5309', '', 'juliana@nordestecondominial.com.br', '3231-0933 ou 8871-0019\r\n', 1, 0.00),
	(624, 'Stetic Club Corpo e Cabelo Ltd', '', 'Sérgio Ricardo', '10.578.285/0001-04', NULL, '', 'Rua Engenheiro Herman Centurion Lot 02   nº 760  B. Jardins', 'Aracaju', 'SE', '', '3246-1018', '', '', '', '', 1, 0.00),
	(625, 'Asseting Levant. e Regulariz. de Ativos e Consultoria e Acssoria', '', 'G3 Consultoria', '10513944/0001-16', NULL, 'Isento', 'Av. Hermes Fontes 1º Andar Loja 14  nº  2064', 'Aracaju', 'SE', '', '', '', '', '', '', 1, 0.00),
	(626, 'Crisfarma Comércio Repres. e Serviços Ltda', '', '', '32.734.295/0001-16', NULL, '270759239', 'Rua Teixeira de Freita  nº  178', 'Aracaju', 'SE', '', '', '', '', '', '', 1, 0.00),
	(627, 'Soservi Sociedade de Serviços Gerais Ltda', '', '', '09.863.853/0008-06', NULL, 'Isento', 'Rua João Rocha Sobrinho  Bairro Pereira Lobo   nº  396', 'Aracaju', 'SE', '49050-420', '3222-8844', '', '', '', '', 1, 0.00),
	(628, 'C E D Empresa de Serviços ', '', '', '', NULL, '', '', '', '', '', '3224-1982', '', '', '', 'Dejivaldo ', 1, 0.00),
	(629, 'Megga Distribuidora Ltda ', '', '', '07488144/0001-88', NULL, '27112459', 'Rua Jesse Ferreira Trindade s/ n', '', '', '', '', '', '', '', '', 1, 0.00),
	(631, 'Francisco de Assis Boa Ventura', '', '', '20174292520', NULL, '', 'Rua B2,69  Orlando Dantas ', 'Aracaju ', 'Se', '49042380', '', '', '', '', '', 1, 0.00),
	(632, 'Amazonia Madeira Indústria e Comércio Ltda ', '', '', '00083043/0001-88', NULL, '', '', '', '', '', '', '', '', '', '', 1, 0.00),
	(633, 'Icone Locação de Mão de Obra Ltda', '', '', '08935932/0001-38', NULL, '', '', '', '', '', '', '', '', '', '', 1, 0.00),
	(634, 'Onfile Gerenciamento da Informação', '', '', '01971353/0001-00', NULL, 'Isento', 'Rua Barão de Itaipú 303 Andaraí', 'Rio de Janeiro', 'RJ', '20541-120', '', '', '', '', '', 1, 0.00),
	(635, 'Oba Promoções', '', '', '10589021/0001-48', NULL, '', '', '', '', '', '3214-9172', '', '', '', '', 1, 0.00),
	(636, 'BRABECNET', '', '', '089996520001-93', NULL, '', '', '', '', '', '2105-3475 ou 84', '99680-9180', '', '', '', 1, 0.00),
	(637, 'Condomínio Royal Palace', '', '', '327116088/0001-10', NULL, '', '', '', '', '', '', '', '', '', '', 1, 0.00),
	(638, 'Brabecnet', '', '', '', NULL, '', '', '', '', '', '', '', '', '', 'financeiro@brabec.com.br', 1, 0.00),
	(639, 'Multiradius Sistemas de Comunicacão', 'Edvania', '', '07.983.319/0001-23', NULL, '732684', 'avenida Edésio Vieira de  Melo ,   1337', 'Aracaju', 'SE', '49050-240', '79-33025875', '', '', '', '', 1, 0.00),
	(640, 'Novo Conceito Locação de Mao de Obra Ltda', '', '', '10.808.175/0001-83', NULL, '', 'Largo Sao Conrado  126 Bairro Aeroporto', 'Aracaju', 'SE', '4903-710', '3223-1437', '', '', '', 'carmem_cruz2012@hotmail.com', 1, 0.00),
	(641, 'Arte Divina', '', 'Márcia', '13.961.882/0001-01', NULL, '', 'Av. Osvaldo Aranha  Nº 733  ', 'Aracaju', 'SE', '', '3241-3471', '', '', 'artdivina@gmail.com', 'Em frente a Agrovel\r\n8828-4504/9968-3674\r\n2.115,20', 1, 0.00),
	(642, 'Tribunal de Justiça', '', '', '13.166.970/0001-03', NULL, 'Isento', 'Pça Fausto Cardoso  Nº 112 Centro', 'Aracaju', 'SE', '49010080', '3226-3483', '', '', '', '', 1, 0.00),
	(643, 'Andrade Distribuidor', '', '', '', NULL, '', '', '', '', '', '', '', '', '', 'jany@andradedistribuidor.com.br ', 1, 0.00),
	(644, 'Ceap ', '', '', '328445570001-03', NULL, '', 'Av Edesio Vieira de Melo 550', '', '', '49050240', '3214-0574', '', '', '', '', 1, 0.00),
	(645, 'Nordal Norte Modal Transporte', '', '', '833361800002-95  ', NULL, '', '', '', '', '', '', '', '', '', '', 1, 0.00),
	(646, 'Nozes Tour', '', '', '32872624/0001-95', NULL, '', '', '', '', '', '', '', '', '', 'financeiro.nozestour.@hotmail.com ', 1, 0.00),
	(647, 'Residencial Manoel Mesias', '', '', '08781705/000103', NULL, '', '', '', '', '', '', '', '', '', '', 1, 0.00),
	(648, 'Top PDV Ltda Me', '', '', '13384434/000184', NULL, '', '', '', '', '', '3214-9172', '', '', '', '', 1, 0.00),
	(649, 'BETEL  ( JUCILENE DA SILVA -ME', '', 'JUCILENE', '04343120000142', NULL, '', 'RUA LARANJEIRAS 741-', '', '', '49010000', '3214-6503', '', '', '', 'betel.distribuidor@hotmail.com\r\nReajuste 01/12/2015( entre 10 a 9%)', 1, 0.00),
	(650, 'ARACAJU MINERAÇÃO', '', '', '11897529/000176', NULL, '', '', '', '', '', '', '', '', '', '', 1, 0.00),
	(651, 'França Comércio de Produtos Alimenticios Ltda.', '', 'Breno', '13947536/000-1-60', NULL, '27064906-9', 'Rua Nova Paraíba /556    Bairro America', 'Aracaju ', 'SE', '49080380', '', '', '', '', '', 1, 0.00),
	(653, 'FKF MANUTENÇÃO E REPARAÇÃO DE EMBARCAÇÕES LTDA', '', '', '09655749000141', NULL, '', '', '', '', '', '', '', '', '', '', 1, 0.00),
	(654, 'GIOLLI', '', 'LUCIANO', '', NULL, '', 'RUA SÃO PAULO ,106 CENTRO ', '', '', '', '9856-5152', '', '', 'drappcomercial@hotmail.com', 'VIZINHO A CAIXA ECONOMICA', 1, 0.00),
	(655, 'Laura', '', '', '', NULL, '', '', '', '', '', '', '', '', '  ', 'traposaracaju@hotmail.com    ', 1, 0.00),
	(656, 'Tuca( Centro Artesanato Chico Chaves', '', '', '', NULL, '', 'Dr Carlos Firpo 13', '', '', '', '9856-1617', '', '', '', 'Quiosque 07/08  Orlinha do Bairro Industrial ', 1, 0.00),
	(657, 'ROBERTO-STAR SILK COMERCIAL LTDA', '', 'ROBERTO', '00170760000147', NULL, '', 'RUA NESTOR SAMPAIO 60 PONTO NOVO ', '', '', '', '', '', '', '', ' e  Roberto 9992-8632./3259-5775 /  \r\nbetostarsilk@hotmail.com', 1, 0.00),
	(658, 'Joana ', '', '', '', NULL, '', '', '', '', '', '9824-0775', '', '', '', '99864501\r\nsabrisia@hotmail.com  ', 1, 0.00),
	(659, 'Simone Avenida pedro Calazas', '', '', '', NULL, '', '', '', '', '', '', '', '', '', '', 1, 0.00),
	(660, 'sinome', '', '', '', NULL, '', 'avenida Petro calazans', '', '', '', '88075222', '', '', '', '', 1, 0.00),
	(661, 'simone', '', '', '', NULL, '', 'Av Pedro Calazan, 52', 'Aracaju', '', '', '', '', '', '', 's.jfardamento@hotmail.com', 1, 0.00),
	(663, 'TUDO TEC', '', '', '11718867/000-01', NULL, '', '', '', '', '', '', '', '', '', '', 1, 0.00),
	(664, 'SABRÍSIA  CONFECÇÕES LTDA ME  ( JOANA/ADIVÂNIA ) ', '', 'Adivania', '08279486000150', '', '', 'Rua Antônio Dória, 301', 'Poço Verde', 'SE', '49490-000', '', '', '', 'contato2sabrisia@gmail.com', '9824-0775/3549-1854 9905-9592/ 9825-6316\r\nadivania.sabrisia@hotmail.com  \r\n\r\n\r\nReajuste dia 01/12/2017\r\n\r\nA partir de 70 peças A Ponto Fino Paga o valor do frete R$ 15,00', 1, 0.00),
	(665, 'Samam Veiculos Ltda', '', '', '13136197/000132', NULL, '', 'Rua Basílio Rocha,89, ', '', '', '49055110', '', '', '', '', '', 1, 0.00),
	(666, 'Samam Veículos Ltda', '', '', '13136197/0005-66  ', NULL, '', 'Rua Delmiro Gouveia, 560 600 ( Coroa do Meio) ', '', '', '', '', '', '', '', '', 1, 0.00),
	(667, 'Condominio Passeio Beira Mar', '', 'Luiz Carlos', '13873867/0001-01', '', '', 'AV GOVERNADOR PAULO BARRETO DE MENEZES, 1430   Bairro Treze de Julho', 'Aracaju', 'SE', '49020-010', '99671-9199', '', '', '', '', 1, 0.00),
	(668, 'LO Distribuidora de Rações Ltda.', '', '', '08.583182/0001-82', NULL, '', 'Rua Silvio Romero  / 328 Bairro Santo Antonio', 'Aracaju', 'SE', '49060-630', '99988-8090', '', '', '', '', 1, 0.00),
	(669, 'Conterrânea Com. e Loc. de Veículos Ltda', '', 'Kesia', '32739120/0003-63', NULL, '', 'Av Pres  Tancredo Neves 3960', 'Aracaju', 'SE', '     -', '3234-8733', '', '', '', 'administracao@conterraneakia.com  ', 1, 0.00),
	(670, 'Carol Uniformes', '', 'Laelse', '', NULL, '', 'Rua Bahia 583  Siqueira Campos', 'Aracaju', 'SE', '     -', '32112-054', '     -', '     -', '', '3211-2054/9946-8980\r\nkarolluniformes@hotmail.com\r\n\r\nNEIDE 3251-6248', 1, 0.00),
	(671, 'Condomínio Residencial  Reserva das Flores ', '', '', '14991340000136', NULL, '', 'Rua 01 170 ? Jabotiana ', 'Aracaju', '', '49096261', '', '', '', '', '  ', 1, 0.00),
	(672, 'Mansão Beijamim Carvalho', '', '', '14497008000110', NULL, '', '', '', '', '', '', '', '', '', '', 1, 0.00),
	(673, 'Projac', '', '', '', NULL, '', 'Av Mariano Salmerom', '', '', '', '3241-8401', '', '', '', '', 1, 0.00),
	(674, 'Neide Costureira', '', '', '', NULL, '', '', '', '', '', '3251-6248', '', '', '', '', 1, 0.00),
	(675, 'SEVEL', '', '', '10678412/0001-39', NULL, '', '', '', '', '', '', '', '', '', '', 1, 0.00),
	(676, 'Auto Posto Caio ', '', '', '07437308000-40', NULL, '', 'Rua J', '', '', '49041130', '', '', '', '', 'andersonpostocaio@yahoo.com.br', 1, 0.00),
	(677, 'CONDOMINIO EDIFICIO GRACCHO CARDOSO ', '', '', '32753071/0001-51', NULL, '', 'Pça Graccho  Cardoso 76 , São José', 'Aracaju', 'SE', '49015-180', '99981-6478', '     -', '     -', 'condgracchocardoso@gmail.com', '', 1, 0.00),
	(678, 'Colégio Santa Chiara ', '', '', '', NULL, '', '', '', '', '', '3217-5232', '', '', '', '9949-4427', 1, 0.00),
	(679, 'Condomínio Horto das Figueiras ', '', '', '08.429.940/0001-02', NULL, '', 'Avenida Deputado Silvio Teixeira  /651', '', '', '49025-100', '99915-6684', '     -', '     -', 'alandantas47@gmail.com', '', 1, 0.00),
	(680, 'ANDRADE DISTRIBUIDOR LTDA ', '', '', '03753945/000122', NULL, '', '', '', '', '', '', '', '', '', '', 1, 0.00),
	(681, 'CIPERCOOR COOPERATIVA DOS CIRURGIÕES E PEDIATRAS DE SERGIPE', '', '32896466/0001-03', '', NULL, '', 'Av. Gonçalo Rolembergue Leite, 1490 Suissa  ', 'Aracaju  ', '', '49050-370', '', '', '', '', 'givaldocardoso@yahoo.com.br', 1, 0.00),
	(682, 'Boquim ( Empresa que presta Serviço para Franca)', '', 'Evair/ Elda ', '', NULL, '', '', '', '', '', '', '', '', '', '031 79 3645-2497/ 998-0313( Henrique)   ', 1, 0.00),
	(684, 'Flana', '', '', '', NULL, '', '', '', '', '', ' 3214-1425', '', '', '', 'financeiro@flana.com.br', 1, 0.00),
	(685, 'Asulitex', '', '', '', NULL, '', '', '', '', '', '', '', '', '', 'design@onza.com.br \r\naracaju@asulitex.com.br\r\nTEL  Elaine 99977-4168\r\n\r\n\r\n', 1, 0.00),
	(686, 'Colégio José Olino', '', '', '', NULL, '', '', '', '', '', '3214-3690', '', '', '', 'jo@colegiojoseolino.com.br', 1, 0.00),
	(687, 'Minas Calçados', '', '', '02962667/0001-09', NULL, '', '', '', '', '', '', '', '', '', 'minascalcados.propria@gmail.com ', 1, 0.00),
	(688, 'WR Engenharia', '', '', '04612588/0001-95', NULL, '', '', 'Aracaju', 'Se', '', '3246-396', '', '', '', 'compras@wrengenharialtda.com.br', 1, 0.00),
	(689, 'Supermercado Regina', '', 'Allan Rodrigo Cavalcante Mendonça ME', '15.407.417/0001-40', NULL, '271117672', '', '', '', '49087-000', '', '', '', '', '', 1, 0.00),
	(690, 'Ronilton Santana', '', '', '08853968-0001-72', NULL, '', '', '', '', '', '', '', '', '', '', 1, 0.00),
	(691, 'ARQUIDIOCESE DE ARACAJU ( Paroquia São Domingo Savio)', '', '', '13043021006681', NULL, '', 'Rua Rocha Sobrinho   Nº 181    Pereira Lobo', 'Aracaju', 'SE', '49050-420', '     -', '     -', '     -', 'paroquiasaodomingossavio2018@gmail.com', '', 1, 0.00),
	(692, 'Guima Veículos Ltda', '', 'Rose', '06723468/0001-90', NULL, '', 'Avenida Desembargador Maynard, 87 - Suissa', 'Aracaju', 'SE', '     -', '32222-626', '     -', '     -', 'contato@guimamotors.com.br', 'rose28276@gmail.com\r\nfinanceiro@guimamotors.com.br\r\n', 1, 0.00),
	(693, 'Três Seg Serviços de Apoio Administrativo Ltda ', '', 'Carol', '155557300001-26', NULL, '', '', '', '', '', '3023-1711', '', '', '', 'paula@3seg.com.br/Carol', 1, 0.00),
	(694, 'Condomínio Palm Ville Residence', '', '', '05624221000154', NULL, '', '', '', '', '', '', '', '', '', '', 1, 0.00),
	(695, 'Rede Primavera Assistencia Médica Hospitalar Ltda', '', '', '13356779000124', NULL, '', 'Av  Ministro Geraldo Barreto Sobral,2277', 'Aracaju', 'SE', '49026-010', '2105-2594', '', '', 'stefanygomes@redeprimavera.com.br', 'xavier@redeprimavera.com.br\r\nfabriciaalmeida@hospitalprimavera.com.br \r\n\r\n*Imposto diferente', 1, 0.00),
	(696, 'Sacel ', '', '', '', NULL, '', '', '', '', '', '3257-5913', '', '', '', '', 1, 0.00),
	(697, 'VASCONCELOS CONSULTORIOS E CLINICA DE ESTÉTICA LTDA ME', '', 'Selma', '146082070001-58', NULL, '', '', '', '', '', '', '', '', '', '', 1, 0.00),
	(698, 'UNIÃO ', '', '', '11376614000199', NULL, '', '', '', '', '', '', '', '', '', '', 1, 0.00),
	(699, 'Diviart Divisorias', '', '', '01613864/000141', NULL, '', '', '', '', '', '', '', '', '', '3214-6050 Ailton ', 1, 0.00),
	(700, 'HOSPITAL SÃO JOSÉ', '', '', '13016621000105', NULL, '', '', '', '', '', '', '', '', '', '', 1, 0.00),
	(701, 'Claudia Bugio', '', 'Cláudia', '', NULL, '', '', '', '', '', '3042-4877', '', '', '9833-6161', '', 1, 0.00),
	(702, 'Cludia Bugil', '', '', '', NULL, '', '', '', '', '', '', '', '', '', '', 1, 0.00),
	(703, 'Condomínio Residencial Campos Dourado', '', 'Sabrina', '16924901/0001-00', NULL, '', 'Rua Aloísio Braga / 535 / Bairro Suíssa', 'Aracaju ', 'Se', '49050050', '3218-1551', '', '', 'ccampos.dourados@gmail.com', '', 1, 0.00),
	(704, 'Espaço do estudante', '', 'Fátima', '', NULL, '', 'Rua Santa Rosa  Nº 130  Vizinho a Lyrios', '', '', '', '', '', '', '', '', 1, 0.00),
	(705, 'Condomínio Luzes do Farol', '', '', '15913628/ 0001-55', NULL, '', 'Rua Rosalina ,80 Farolândia', 'Aracaju', '', '49032150', '', '', '', '', 'luzesfarol@gmail.com', 1, 0.00),
	(706, 'Condomínio Wembley Park', '', '', '03979793000120', NULL, '', '', '', '', '', '', '', '', '', '', 1, 0.00),
	(707, 'STS', 'Proprietario', 'Anderson', '12.312.884/0001-07', NULL, '', '', '', '', '', '(79)3043-1555', '', '', '', '99646-3891\r\nAnderson Tel: 99972-4833', 1, 0.00),
	(708, 'Dinha', '', '', '', NULL, '', '', '', '', '', '', '', '', '', '9119-7798/9831-7877', 1, 0.00),
	(709, 'Instituto Banese', '', 'Leila', '10.645.538/0001-07', NULL, '', 'Avenida Ivo do Prado  / 398', 'Aracaju', 'SE', '49040-780', '3218-1551', '', '', 'amanda.silva@institutobanese.org.br', '', 1, 0.00),
	(710, 'Condomínio  Reserva Aruanã', '', 'Fernando', '14.719101/0001-21', NULL, '', 'Rua João Mota de Santana / 950  (Bairro Aruana)', 'Aracaju', 'Se', '49039-080', '', '', '', '', '', 1, 0.00),
	(711, 'Rotalog Transportes Logística e Serviços LTDA', '', 'Rotalog Representações', '15.283.259/0001-64', NULL, '', 'Rua das Papoulas  nº 69 Conj. Beira Rio', 'Aracaju', 'SE', '49040-450', '', '', '', '', 'Inácio Barbosa  \r\nemail: logistica@rotalog.com.br  \r\nFone: (79) 3249-1192 / 3041-0791', 1, 0.00),
	(712, 'Conterrânea ', '', 'Victória', '32739120000100', NULL, '', 'Av Gentil Tavares 729, Getúlio Vargas', 'Aracaju', 'SE', '49055-260', '     -', '     -', '     -', 'victoria@empresashg.com', '', 1, 0.00),
	(713, 'Centro Educacional Meu Ideal Ltda -ME', '', '', '17650739/000141', NULL, '', 'Rua  Siriri,220', 'Aracaju', '', '49010450', '', '', '', '', '', 1, 0.00),
	(714, 'SHOPPING DAS FERRAMENTAS', '', '', '01275750000139', NULL, '', '', '', '', '49010660', '', '', '', '', '', 1, 0.00),
	(715, 'Rio Verde Potássio Mineração LTDA', '', '', '11897529000257', NULL, '', '', '', '', '49097330', '3259-8657', '', '', '', 'fernando.teles@bamineracao.com', 1, 0.00),
	(716, 'Dinha Campos', '', '', '', NULL, '', '', '', '', '', '', '', '', '', '', 1, 0.00),
	(717, 'DInha Campos', '', '', '', NULL, '', '', '', '', '', '', '', '', '', '', 1, 0.00),
	(718, 'Dinha Campos', '', '', '', NULL, '', '', '', '', '', '', '', '', '', '', 1, 0.00),
	(719, 'Dinha Campos', '', '', '', NULL, '', '', '', '', '', '', '', '', '', '', 1, 0.00),
	(720, 'Dinha Cam pos', '', '', '', NULL, '', '', '', '', '', '', '', '', '', '', 1, 0.00),
	(722, 'GACC GRUPO DE APOIO A CRIANÇAS COM CÂNCER', 'Financeiro', 'Patrícia', '03.628.747/0001-87', NULL, 'Isento', 'Av. Desembargador Maynard  654  Sirurgia', 'Aracaju', 'Se', '49055210', '3211-5642', '', '', '', 'financeiro@gacc-se.org.br', 1, 0.00),
	(723, 'Conselho Regional Corretores de Imóveis ( Creci)', '', '', '13171970/0001-00', NULL, '', '', '', '', '', '', '', '', '', '', 1, 0.00),
	(724, 'JC BARRETTO FETILIZANTES SA', '', '', '13151741001863  ', NULL, '', '', '', '', '', '', '', '', '', '', 1, 0.00),
	(725, 'TATO', '', '', '', NULL, '', '', '', '', '', '', '', '', '', '3222-8517/8107-7185', 1, 0.00),
	(726, 'Tato', '', '', '', NULL, '', '', '', '', '', '', '', '', '', '', 1, 0.00),
	(727, 'Ambiental', '', 'Romilton', '', NULL, '', '', '', '', '', '9979-0352', '', '', '', 'ambientalcontroledevetores.com.br', 1, 0.00),
	(728, 'Romale Company Com. e Serv.', '', '', '07119176/0001-06', NULL, '', 'Rua Vanira da Luz  nº  175  ', 'Aracaju', 'Se', '49037650', '', '', '', 'romale_comercial@hotmail.com', '', 1, 0.00),
	(729, 'Joangele', '', '', '', NULL, '', '', '', '', '', '', '', '', '', '8843-2569', 1, 0.00),
	(730, 'Marcelo Cerveira Gurgel', '', '', '02743467452', NULL, '', 'Rua Construtor Genival Maciel .550A Atalaia', '', '', '', '98878-9572', '', '', '', 'makoto', 1, 0.00),
	(731, 'Cardoso Auto Peças ', '', '', '32.736.209/0001-04', NULL, '', 'Rua Mariano Salmeron Nº 106  Siqueira Campos', 'Aracaju', 'SE', '49075-370', '21064-553', '     -', '     -', '', '', 1, 0.00),
	(732, 'Maria Celi Teixeira Barreto', '', '', '15601685000107', NULL, '', '', '', '', '', '', '', '', '', '', 1, 0.00),
	(733, 'Condomínio Residencial Portal de Atlantico', '', 'Helio', '97.510.481/0001-17', NULL, '', 'Rodovia José Sarnei       S/N    Bairro Atalaia', 'Aracaju', 'Se', '49035-320', '3246-5785', '', '', 'servcon@servcon.adm.com.br', '', 1, 0.00),
	(734, 'Conterranea Comércio e Locação de Veículos LTDA', '', 'Victoria', '32.739.120/0003-63', NULL, '410644', 'Av Presidente Tancredo Neves', 'Aracaju', 'Se', '49055-260', '', '', '', '', 'victoria@empresashg.com', 1, 0.00),
	(736, 'Joelma funcinária', '', '', '', NULL, '', '', '', '', '', '', '', '', '', '9605-7103', 1, 0.00),
	(737, 'Gardênia Funcionária', '', '', '', NULL, '', '', '', '', '', '', '', '', '', '9940-2989', 1, 0.00),
	(738, 'Tecnoconsult Engenharia', '', '', '32.780.785/0001-59', NULL, '', '', 'Aracaju', 'Se', '49025220', '', '', '', 'tecnoconsult@uol.com', '', 1, 0.00),
	(739, 'Monica Mucuri', '', '', '', NULL, '', '', '', '', '', '', '', '', '', '', 1, 0.00),
	(740, 'UNICRED', '', 'JOSÉ ALBÉRICO', '029233890001-72', NULL, '', '', '', '', '', '', '', '', '', '', 1, 0.00),
	(741, 'João Izaias Andrade Oliveira & Cia LTDA', '', '', '09.304.408/0001-21', NULL, '', 'Rua Dr. Celso Oliva   / 469 Bairro 13 de Julho', 'Aracaju', 'Se', '49020-290', '3211-3163', '', '', '', 'administrativoaux@jicontabilidade.com.br   ', 1, 0.00),
	(742, 'Tenda Sushi', '', 'Márcio', '', NULL, '', '', '', '', '', '9967-9527', '', '', '', '', 1, 0.00),
	(743, 'Produtos Glória', '', '', '', NULL, '', '', '', '', '', '3214-2002', '', '', '', '', 1, 0.00),
	(744, 'Delícias do Açai', '', 'Périclis', '', NULL, '', '', '', '', '', '9848-4336', '', '', '', '', 1, 0.00),
	(745, 'Alvipex', '', '', '', NULL, '', '', '', '', '', '3198-0733', '', '', '', '', 1, 0.00),
	(746, 'LAVANDERIA ALDA', 'PROPRIETÁRIA', 'FÁTIMA ROSA', '', NULL, '', '', '', '', '', '9956-9628', '', '', '', '', 1, 0.00),
	(747, 'COLORTEX', '', 'FERREIRA', '', NULL, '', '', '', '', '', '3254-8700', '', '', '', '9643-4041', 1, 0.00),
	(748, 'AGROCONSULT', '', 'EDIVÂNIA', '', NULL, '', '', '', '', '', '3241-7378', '', '', '', '', 1, 0.00),
	(749, 'SUPRIMAQ', '', 'JOSIAS', '', NULL, '', '', '', '', '', '3231-7100', '', '', '', '', 1, 0.00),
	(750, 'Martha Lúcia Araújo', '', '', '', NULL, '', '', '', '', '     -', '88019-370', '99647-5977', '30255-918', '', '9890-2586', 1, 0.00),
	(751, 'Ótica  Doravante', '', 'Dilma', '', NULL, '', 'Rua São Cristóvão  N 254  Centro', '', '', '     -', '3214-1151', '', '', '', '', 1, 0.00),
	(752, 'Cartório Piereti', '', '', '', NULL, '', '', '', '', '', '9152-0013', '', '', '', '', 1, 0.00),
	(753, 'OCESE', '', 'FABIANE', '3259-1134', NULL, '', '', '', '', '', '', '', '', '', '', 1, 0.00),
	(754, 'Sorveteria D+UM', '', 'Luiz', '', NULL, '', '', '', '', '', '', '', '', '', '3041-8066/9991-0336', 1, 0.00),
	(755, 'Climedi Clin de Medic Nuclear Endoc e Diabete Socie Simples', '', '', '13.158.985/0001-20', NULL, '', 'Avenida Barão de Maruim  Nº 970 Centro ', 'Aracaju', 'Se', '49010-340', '2107-9815', '', '', '', '', 1, 0.00),
	(756, 'Santos Empreendimentos e Incorporações Ltda', '', '', '06250316000118', NULL, '', 'Av Beira Mar , 1140 Farolândia', '', '', '49032000', '', '', '', '', 'gerencia@atalaiaaparthotel.com.br', 1, 0.00),
	(757, 'Carolina Cajé', '', '', '', NULL, '', '', '', '', '', '9936-4666', '', '', '', '', 1, 0.00),
	(758, 'Santa Inspiração (Goreti)', '', 'Goreti', '', NULL, '', '', '', '', '', '79 3231-6938', '', '', '', '9833-5954', 1, 0.00),
	(759, 'Centrus', '', '', '168863470001-13', NULL, '', '', '', '', '', '', '', '', '', '', 1, 0.00),
	(760, 'VISOLAB PRODUTOS OPTICOS LTDA', '', 'Lindiane', '089647370001-36', NULL, '', 'Rua Maruim, 600 - Centro', 'Aracaju', 'SE', '49010-160', ' 2104-6500', '     -', '     -', '', '\r\n\r\nfiscal@visolab.com.br', 1, 0.00),
	(761, 'MF Confecções', '', 'Fátima', '', NULL, '', 'Rua de Estancia  Nº 1333  Bairro Cirurgia', 'Aracaju', 'SE', '', '9845-4687', '', '', 'mf2013confeccoes@hotmail.com', 'Tel: 8118-6457 / 8810-7860\r\n\r\nProx. Lar-Bel', 1, 0.00),
	(762, 'CEMISE CENTRO DE MEDICINA INTEGRADA DE SERGIPE LTDA', '', '', '16.456.022/0001-09', NULL, '', 'Rua Construtor João Alves, 228 ANEXO 229 Bairro Treze de Julho', 'Aracaju', 'SE', '49020-340', '(79)3234-1000', '', '', 'financeiro.cemise@cemise.com.br/nfse.cemise@cemise.com.br', '', 1, 0.00),
	(763, 'Condomínio L essence Jardins', '', '', '', NULL, '', '', '', '', '49025390', '', '', '', '', '', 1, 0.00),
	(764, 'Aracaju Card', '', '', '193881510001-97', NULL, '', '', '', '', '', '', '', '', '', '', 1, 0.00),
	(765, 'Condomínio Lessence Jardins', '', '', '', NULL, '', '', '', '', '', '', '', '', '', '', 1, 0.00),
	(766, 'Condomínio Lessence Jardins', '', '', '20250506/0001-66', NULL, '', 'Rua Lorival Chagas ,315', '', '', '49025390', '', '', '', '', '', 1, 0.00),
	(767, 'Colégio Salesiano', '', '', '13.010.707/0001-20', NULL, '', '', '', '', '', '3217-9661', '', '', '', '', 1, 0.00),
	(768, 'AMS SOLUÇÕES', '', '', '116017120001-82', NULL, '', '', '', '', '', '', '', '', '', '', 1, 0.00),
	(769, 'WN Servicos e Empreendimentos Ltda', '', 'Fabiano', '05.255.452/0001-38', NULL, '', 'Rua Maria Vitoria do Nascimento/ 71 Conjunto Orlando Dantas', 'Aracaju', 'SE', '49042-230', '3214-0089', '', '', '', 'Bairro São Conrado\r\n\r\nOBS MANDAR A NOTA PARA\r\naquisicao@wnservicos.com.br\r\nSra Aldenira 9986-5093( proprietária)\r\n\r\nProprietaria Mira \r\n\r\n99986-5093/3232-1381/998469079', 1, 0.00),
	(770, 'Consentre', '', '', '037727810001-20', NULL, '', '', '', '', '', '', '', '', '', '', 1, 0.00),
	(771, 'MF CONFECÇÕES FÁTIMA', '', '', '', NULL, '', '', '', '', '', '', '', '', '', '3211-5008/9845-4687/8810-7860', 1, 0.00),
	(772, 'Destak Uniformes', '', 'Celinha', '', NULL, '', 'Av. Anísio Azevedo, numero 434 - Treze de Julho', 'Aracaju', 'SE', '49055-210', ' 3251-1455', '98220-741', '     -', '', '', 1, 0.00),
	(773, 'Sindicato dos Profissionais de Ensinio do Mun. de Aracaju', '', '', '13374178/0001-44', NULL, '', 'Rua Deputado Carlos Correia  ? 430 Bairro Siqueira Campos', 'Aracaju', '', '49075-160', '', '', '', 'sindipema@infonet.com.br', '', 1, 0.00),
	(775, 'MWG', '', '', '15595242000142', NULL, '', '', '', '', '', '3249-1956', '', '', '', '3246-5681/9811-0471( LUZIANA)', 1, 0.00),
	(776, 'CACAU', '', 'LUZIANA', '04054366/0001-02', NULL, '', '', '', '', '', '', '', '', '', '', 1, 0.00),
	(777, 'CEMISE RESSONANCIA MAG E TOMOG COMPUTADORIZADA LTDA (CEMICLIN)', '', '', '32804353/0002-11', NULL, '', 'RUA BAHIA, 1175 Bairro Siqueira Campos', 'ARACAJU', 'SE', '49072-050', '(79)3213-7709', '', '', 'financeiro.cemiclin@cemise.com.br', '\r\nnfse.cemiclin@cemise.com.br', 1, 0.00),
	(778, 'Zartan', 'Proprietário', 'Junior', '', NULL, '', '', '', '', '', '3214-9996', '', '', '', '', 1, 0.00),
	(779, 'FLEX HOSPITALAR', '', '', '036066350001-25', NULL, '', '', '', '', '', '2105-4000', '', '', '', 'setorpessoal@flexhospitalar.com.br', 1, 0.00),
	(780, 'Condominio Residencial Ilha dos Açores', '', 'Junior', '21.140.388/0001-04', NULL, '', 'Estrada da Cabrita , 103  Bairro Varzea Grande', 'São Cristovão', 'Se', '49100-000', '9852-7062', '', '', '', 'residencialilhadosacores@gmail.com.br', 1, 0.00),
	(781, 'ECOVILLE CLUB', '', '', '136093050001-47', NULL, '', '', '', '', '', '', '', '', '', '', 1, 0.00),
	(782, 'DUNKEL SILVA COMÉRCIO E SERVIÇOS LTDA ME', 'RICHARD', '', '11198914/0001-25', NULL, '', '', '', '', '', '3041-0561', '', '', '', '', 1, 0.00),
	(783, 'Ronilda  ( Jalekos e Cia )', '', '', '', NULL, '', '', '', '', '', '', '', '', '', 'Tel: 98848-5233 / 3248-5834', 1, 0.00),
	(784, 'Vilma', '', 'Vilma', '', NULL, '', '', '', '', '', '', '', '', '', '3248-3028/3043-0700', 1, 0.00),
	(785, 'Autocar Imports Comercio de Veiculos Peças e Serv. Ltda EPP', '', '', '05.617.552/0001-67', NULL, '271077271', 'Rua Rafael de Aguiar, 1248  Casa Bairro Pereira Lobo', 'Aracaju', 'SE', '49050-660', '32222-222', '     -', '     -', 'adm@autocarimports.com.br', '', 1, 0.00),
	(787, 'JOCUM Jovens com uma Missão', '', 'Florisbela', '05.082.298/0001-40', NULL, '', '', '', '', '', '', '', '', '', '', 1, 0.00),
	(789, 'Norcon Rossi Empreendimentos Imobiliário ltda', '', '', '13.346.687/0002-44', NULL, '', 'RUA BASÍLIO ROCHA  ARACAJU-SE ,216', '', '', '49055-110', '', '', '', '', 'NAYARA 9985-4202', 1, 0.00),
	(790, 'Tatto', '', '', '', NULL, '', '', '', '', '', '', '', '', '', '8107-7185', 1, 0.00),
	(791, 'Farmacia Diet Med', '', '', '32889057000260', NULL, '', '', '', '', '', '', '', '', '', '', 1, 0.00),
	(792, 'Farmac', '', '', '32838716000159', NULL, '', '', '', '', '', '', '', '', '', '', 1, 0.00),
	(793, 'Maxsem', '', 'Rejane', '04789071000176', NULL, '', '', '', '', '', '', '', '', '', '', 1, 0.00),
	(794, 'BERÇARIO E HOTELZINHO NOSSO NINHO', '', 'RACHEL', '186844620001/30', NULL, '', 'RUA EDSON RIBEIRO 105', '', '', '490', '', '', '', 'bercarionossoninho@yahoo.com.br', '3023-6236/9138-5521', 1, 0.00),
	(795, 'Celminha', 'Celminha França', '', '', NULL, '', '', '', '', '', '9854-6938', '', '', '', '', 1, 0.00),
	(796, 'SergipeSeg', '', 'Angélica', '', NULL, '', '', '', '', '', '', '', '', '', '', 1, 0.00),
	(797, 'UNICCAT', '', '', '15610595000174', 'UNIDADE CARDIOTORACICA DE SERGIPE LTDA', '', 'Avenida Gonçalo Rolemberg Leite, 1813 , Luzia', 'Aracaju', 'SE', '49045280', '2106-4100', '', '', '', 'setorpessoal@uniccat.com.br', 1, 0.00),
	(798, 'Sergipe Segurança Patrimonial L', '', '', '12469343000189', 'SERGIPE SEGURANCA PATRIMONIAL LTDA', '', '', '', '', '     -', '3211-3447', '', '', '', 'financeiro@grupoguardiase.com\r\n\r\n\r\nRita 98836-0330', 1, 0.00),
	(799, 'CONDOMÍNIO DO SHOPPING CENTER JARDINS', '', 'Wênia', '02.296.771/0001-01', NULL, 'ISENTO', 'AV. MINISTRO GERALDO BARRETO SOBRAL   B. JARDINS  Nº 215', 'ARACAJU', 'SE', '     -', '21075-555', '     -', '     -', '', '', 1, 0.00),
	(800, 'Solution Se Corretora de Seguros LTDA', '', '', '22.616.092/0001-71', NULL, '', 'Av. Desembargador Maynard Nº 592', 'Aracaju', 'Se', '49055-210', '3211-3003', '', '', '', 'André  Tel: 9641-2321\r\nfinanceiro@solutioncorretora.com.br', 1, 0.00),
	(801, 'Condominio Porto Real Residence', '', 'Jurandir', '09.234.740/0001-67', NULL, '', 'Rua Reginaldo Passos Pina 747 Inacio Barbosa', 'Aracaju', 'Se', '49040720', '', '', '', '', '', 1, 0.00),
	(802, 'Pousada,Restaurante,Locadora e Prestação de Serviços Viva', '', 'Posada Viva a Natureza', '10.681.652/0001-92', NULL, '', '', '', '', '', '', '', '', '', '', 1, 0.00),
	(803, 'Xingó', '', '', '', NULL, '', '', '', '', '', '', '', '', '', 'Jackson 2105-7070', 1, 0.00),
	(804, 'ASSOCIACAO DE ENSINO E CULTURA PIO DECIMO LTDA', '', '', '13014758/0001-20', NULL, '', 'Rua Estância, 382 - Centro', 'Aracaju', 'SE', '49010-180', '     -', '     -', '     -', 'financeiro@piodecimo.edu.br', '', 1, 0.00),
	(805, 'POMAR', '', '', '', NULL, '', '', '', '', '', '3249-5550', '', '', '', '', 1, 0.00),
	(806, 'RFS CASAS DE CHA E ALIMENTOS LTDA', '', '', '08997755001-14', NULL, '', 'Av Ministro Geraldo Barreto Sobral,215 Jardins', '', '', '', '', '', '', '', '', 1, 0.00),
	(807, 'Montes e Noronha Comércio de Alimentos Ltda', '', '', '16932973/0001-07', NULL, '', 'Av Ministro Geraldo Barreto Sobral ,215 Jardins', '', '', '', '', '', '', '', '', 1, 0.00),
	(808, 'By Jaque', '', 'Paulo', '', NULL, '', '', '', '', '', '', '', '', '', '9839-0627/3243-1819\r\n\r\n98107-5028', 1, 0.00),
	(809, 'Arielson', '', '', '', NULL, '', '', '', '', '', '3041-7130', '', '', '', '', 1, 0.00),
	(810, 'SM Malhas', '', 'Marta', '', NULL, '', '', '', '', '', '', '', '', '', '', 1, 0.00),
	(811, 'Sintonia Noivas', '', '', '', NULL, '', '', '', '', '', '', '', '', '', '', 1, 0.00),
	(812, 'JWA SERVICOS E CONFECCOES EIRELI', 'Proprietaria', 'Mira', '14013038/0001-03', '', '', 'Avenida Alexandre Alcino, 1800 - Santa Maria', 'Aracaju', 'SE', '49044-090', '', '', '', 'financeiro@wnservicos.com.br', 'Tel 99986-5093\r\nEmitir NF, scanear ficha e gerar pdf do digitado, enviar para <confeccoes@jwaconfeccoes.com>', 1, 0.00),
	(813, 'Condominio Costa Esmeralda', '', '', '00702070/0001-91', NULL, '', 'Rua Valquiria Luiza Campos Nascimento nº 51 Grageru', 'Aracaju', 'Se', '49027100', '', '', '', 'leonardo@ralincontabil.com.br', '', 1, 0.00),
	(814, 'Americar Veiculos', '', 'Robson Machado', '', NULL, '', '', '', '', '', '', '', '', '', '98107-4561/99957-7603', 1, 0.00),
	(815, 'Vida Bela Condomínio Clube Aracaju', '', '', '17.348.687/0001-53', NULL, '', 'Av. Alexandre Alcino Nº 150', 'Aracaju', 'SE', '49044-090', '99892-2795', '', '', 'adm_vidabela@hotmail.com', 'Já foi bordado em 22 peças (16-02 2016)', 1, 0.00),
	(816, 'BRAJUR SEGURANÇA PATRIMONIAL', '', 'ALEXANDRE', '23934050/0001-41', NULL, '', 'R Panificador Jose Silva Rosa Elze 164', '', '', '49100-000', '     -', '     -', '     -', 'brajurseguranca@gmail.com', '99856-4429  Alexandres', 1, 0.00),
	(817, 'JN', '', '', '', NULL, '', '', '', '', '', '', '', '', '', '99681-5087', 1, 0.00),
	(818, 'Vitalino', '', '', '03691424000138', NULL, '', '', '', '', '', '', '', '', '', '', 1, 0.00),
	(819, 'Propag Turismo LTDA', '', '', '13353495/0001-84', NULL, '', 'Av. Hermes Fontes Nº 1109 Salgado Filho', 'Aracaju', 'Se', '49020550', '', '', '', 'junior@propagtur.com.br', '', 1, 0.00),
	(820, 'Condomínio Residencial Verdejar', '', '', '14668601000181', NULL, '', 'Rua Maye Bell Taylor 150', '', '', '49045030', '', '', '', '', '', 1, 0.00),
	(821, 'Prime Serviços', '', 'Andrea', '08959757000119', NULL, '', 'Avenida  AUGUSTO MAYNARD, 188 1o. Andar - Bairro São José', 'Aracaju', 'SE', '49015-380', '99191-4740', '32264-227', '     -', 'confisco@oi.com.br', '', 1, 0.00),
	(822, 'MEDCOR COM DE PRODUT MEDICOS ODONT HOSP LTDA', '', '', '04.998.123/0001-14', NULL, '', 'Rua Pedro Paes Azevedo 512 Salgado Filho', 'Aracaju', 'SE', '49020-450', '32461-885', '     -', '     -', 'medcor_se@hotmail.com', '', 1, 0.00),
	(823, 'Inove Comunicação e Serviços Ltda', '', '', '06136629/0001-40', NULL, '', 'Rua Elizete Aragão Cabral ,468,0Pavimento Superior Bairro Inácio Barbosa,149 ', 'Aracaju', '', '49041149', '3249-5338/3677', '', '', 'contato@inoveservicos.com', '  ', 1, 0.00),
	(824, 'ENXOVAL NEUSA', '', 'NEUSA', '', NULL, '', '', '', '', '', '', '', '', '', '99650-2155', 1, 0.00),
	(825, 'Quality Bolsas', '', 'Valéria', '', NULL, '', '', '', '', '     -', '     -', '     -', '     -', '', '3214-2007/99902-3772/98864-2007', 1, 0.00),
	(826, 'E.E. COMERCIO E SERVIÇOS LTDA EPP', '', 'Expresso', '06.239.541/0001-53', NULL, '', 'Av. Dr. Edelzio Vieira de Melo 2269  Pereira Lobo', 'Aracaju', 'SE', '49050665', '3217-9750', '', '', 'ellenexpresso@hotmail.com', '', 1, 0.00),
	(827, 'Home Live', '', '', '19257246000171', NULL, '', '', '', '', '', '', '', '', '', '', 1, 0.00),
	(828, 'Cond. Edf. Praias do Caribe', '', '', '04.612.106/0001-05', NULL, '', 'Rua Armando Barros 421  Bairro Luzia', 'Aracaju', 'SE', '49045-080', '32322-494', '99857-2236', '99637-5258', 'praiasdocaribe2013@hotmail.com', '', 1, 0.00),
	(829, 'CONDOMÍNIO EDIFÍCIL VICTÓRIA TOWER', '', '', '09.292.257/0001-39', NULL, '', 'Rua Engenheiro Hernan Centurion  Nº 470 Bairro Jardins', 'Aracaju', 'SE', '49025-170', '', '', '', '', '', 1, 0.00),
	(830, 'MB Logística e Distribuidora de Alimentos Ltda', '', 'Fernanda', '07.112.198/0001-44', NULL, '27125955-8', 'Rodovia BR 235 Km 5 S/N - Povoado Sobrado', 'Socorro', 'SE', '49160-000', '3114-8000/8010', '', '', '', 'fernanda.fernandes@mblogistica-se.com.br', 1, 0.00),
	(831, 'Lilian Ctistine', '', 'Centrus', '', NULL, '', '', '', '', '', '99951-8223', '', '', '', '', 1, 0.00),
	(832, 'Blink Tecnologia Sob Medida Ltda.', '', 'Pedro', '00960027-0001-26', NULL, '', 'Rua Desembargador Pedro Silva  /2816', 'Forianopolis', 'SC', '88080-701', '(48) 32491855', '', '', 'pedro@blink.net.br', '', 1, 0.00),
	(833, 'Medsaude Serviços em Informatica Ltda ME', '', '', '08.174.627/0001-70', NULL, '', 'Rua Dom José Tomaz /694 Bairro São José', 'Aracaju', 'SE', '', '3041-5672', '', '', 'jorge@medlynx.com.br', '', 1, 0.00),
	(834, 'Condominio Residencial Verdejar', '', '', '14.668.601/0001-81', NULL, '', 'Rua Maye Bell Taylor /150 Bairro uzia', 'Aracaju', 'SE', '49045-030', '', '', '', 'alamedaverdejar@gmail.com', '', 1, 0.00),
	(835, 'JN Uniformes', '', 'Nadja', '', NULL, '', '', '', '', '', '99681-5087', '', '', '', '', 1, 0.00),
	(836, 'MERCANTIL COMSER LTDA', '', '', '12.499.211/0001-08', NULL, '', 'Rua Risoleta Rodrigues Brito, 242 Farolandia', 'Aracaju', 'SE', '49031-080', '', '', '', '', '', 1, 0.00),
	(837, 'Visão Gráfica', '', 'Eliel', '', NULL, '', '', '', '', '', '', '', '', '', '3086-1350/98813-8357/99959-6329', 1, 0.00),
	(838, 'Anselmo Nascimento Almeida Dias ME', '', '', '20.918.528/0001-51', NULL, '', 'Rua Siriri 736', 'Aracaju', 'SE', '49010-450', '', '', '', 'anselmodias750@gmail.com', '', 1, 0.00),
	(839, 'Ótica São Luiis', 'Gerente', 'Dilma', '19.273.972/0001-88', NULL, '', 'Av. Min. Geraldo Barreto Sobral, 2131/ Lj 12 - Jardins', 'Aracaju', 'SE', '49026-010', '(79)3211-1151', '', '', 'oticasaoluiis@hotmail.com', '', 1, 0.00),
	(840, 'Oral Sin', '', '', '23217270000154', NULL, '', '', '', '', '', '30247100', '', '', '', '', 1, 0.00),
	(842, 'Fundação Assistencial dos Servidores do Minietério da Fezand', '', '', '00.628.107/0029-80', NULL, '', 'Rua Campos, 251  Bairro São José', 'Aracaju', 'Se', '49015-220', '', '', '', 'gerencia.se@assefaz.org.br', '', 1, 0.00),
	(843, 'PERITUS PERICIA MEDICA E CONSUL EM SAUDE OCUPACIONAL LTDA ME', '', '', '1022358000212', NULL, '', 'Rua Jordão de Oliveira, 578 Bairro Atalaia', 'Aracaju', 'Se', '49037-330', '', '', '', 'asb@peritusforense.com.br', '', 1, 0.00),
	(847, 'Taheana', '3023-6680', '', '', '', '', '', '', '', '', '(71)99265-6884', '', '', '', '', 1, 0.00),
	(848, 'entre', '', '', '21109540001-99', NULL, '', 'Rua Siriri ,35 Centro', '', '', '49010450', '', '', '', 'vtabarros@hotmail.com', 'Base Distribuidora de Sergipe Ltda', 1, 0.00),
	(849, 'Aline', '', '', '', NULL, '', '', '', '', '', '98823-1473', '', '', '', '', 1, 0.00),
	(850, 'MarAzul Empreendimentos Ltda', '', 'Karol', '07737340/000149', NULL, '', '', '', '', '     -', '99946-6379', '     -', '     -', '', '', 1, 0.00),
	(851, 'Condominio do Residencial Ilha Bela', '', 'Condominio do Residencial Ilha Bela', '32.770.836/0001-61', NULL, '', 'Avenida Marieta Leite / 64 Bairro Grageru', 'Aracaju', 'SE', '49027-190', '     -', '     -', '     -', 'alandantas47@gmail.com', '', 1, 0.00),
	(852, 'LABORATORIO PATHOLOGIKA LTDA EPP', 'Proprietário', 'Ronaldo', '22.119.576/0001-05', NULL, '', '', 'Aracaju', 'SE', '     -', '99944-8403', '', '', '', '', 1, 0.00),
	(853, 'CEMISE RESSONANCIA MAGNETICA E TOMOG COMPUTADORIZADA LTDA (RESSONANCIA)', '', '', '32804353/0001-30', NULL, '', 'RUA DR MOACYR LEITE, 138 CENTRO DE DIABETES - 13 DE JULHO', 'Aracaju', 'SE', '49020-280', '79 3304-1000', '', '', 'financeiro.ressonancia@cemise.com.br', '/nfse.ressonancia@cemise.com.br', 1, 0.00),
	(854, 'DANILO ( ALLJED)', 'Proprietario', 'Danilo', '', NULL, '', 'Rua Arauá, Centro, 274, Centro, Aracaju, S ', '', '', '', '', '', '', '', '', 1, 0.00),
	(855, 'Torre Centro Médico', '', 'Cristina Torres', '022937860001/08', NULL, '', '', 'Aracaju', '', '', '3214-3713', '98124-8296', '', '', '02293786001/08', 1, 8.00),
	(856, 'ANTONIO LOPES DE ARAUJO-ME', '', 'ANTONIO LOPES DE ARAUJO-ME', '21.040.120/0001-92', NULL, '', 'Praça Tobias Barreto / 510 centro', 'Aracaju', 'SE', '     -', '', '', '', 'atmlopes@gmail.com', '', 1, 0.00),
	(857, 'Patológika', '', '', '22.119.576/0001-05', NULL, '', '', '', '', '     -', '', '', '', 'deaxavierduarte@gmail.com', '', 1, 0.00),
	(858, 'Patológika', '', '', '22.119.576/0001-05', NULL, '', '', '', '', '     -', '', '', '', 'deaxavierduarte@gmail.com', '', 1, 0.00),
	(859, 'LABORATORIO PATHOLOGIKA LTDA EPP (Patológica)', '', '', '22119576000105', NULL, '', 'Avenida Ministro Geraldo Barreto Sobral, 2131 - SALA 106 CENTRO MEDICO JARDINS', 'Aracaju', 'Se', '', '', '', '', 'deaxavierduarte@gmail.com', '', 1, 0.00),
	(860, 'Base distribuidora de Sergipe Ltda', '', 'Maridelia', '21109549000199', NULL, '', 'RUA SIRIRI', 'Aracaju', 'SE', '49010-450', '99996-8999', '     -', '     -', 'jeanesantos@baseveterinaria.com.br', '', 1, 0.00),
	(862, 'Verônica (Dr Luciano)', '', '', '', NULL, '', '', '', '', '', '99976-9979', '', '', '', '', 1, 0.00),
	(863, 'Belisco Confecções', 'Proprietário', 'Reginaldo', '', NULL, '', '', '', '', '', '3252-7945', '', '', '98823-0060', '', 1, 0.00),
	(864, 'AMIRA ADMINISTRADORA DE CONDOMINIO LTDA ME', '', 'Michelle', '21.364.086/0001-01', NULL, '', 'Rua Maruim, 1113 - Cirurgia', 'Aracaju', 'SE', '49055-440', '', '', '', 'michelle.aracaju@brasilcondominio.com.br', '', 1, 0.00),
	(865, 'Brasil Condominio', '', 'Michelle', '21.364.086/0001-01', NULL, '', '21', '', '', '', '', '', '', 'michelle.aracaju@brasilcondominio.com.br', '', 1, 0.00),
	(866, 'Brasil Condominio', '', 'Michelle', '21.364.086/0001-01', NULL, '', 'Rua Maruim, 1113 1113-A Bairro Cirurgia', 'Aracaju', 'SE', '49055-440', '99603-1914', '     -', '     -', 'michelle.aracaju@brasilcondominio.com.br', 'AMIRA ADMINISTRADORA DE CONDOMINIO LTDA ME', 1, 0.00),
	(867, 'GPX COMÉRCIO LTDA EPP', 'PROPRIETÁRIO', 'GUSTAVO', '17449050/0001-53', NULL, '', '', '', '', '49040110', '', '', '', 'vendas02@algomaisse.com.br', '', 1, 0.00),
	(868, 'GPX COMÉRCIO LTDA EPP', 'PROPRIETÁRIO', 'GUSTAVO', '17449050/0001-53', NULL, '', '', '', '', '49040110', '3217-1726', '', '', 'vendas02@algomaisse.com.br', '', 1, 0.00),
	(869, 'SM Planejados Com. e Serv. Eirelli - EPP', '', '', '22.891.850/0001-60', NULL, '27.15.03076', 'Av. Tancredo Neves / 1028', 'Aracaju', 'Se', '49025620', '3085-5910', '', '', '', '', 1, 0.00),
	(870, 'Katia Valéria', '', '', '', NULL, '', '', '', '', '', '999866293', '', '', '', '', 1, 0.00),
	(871, 'Carlos Med Vet', '', '', '', NULL, '', '', '', '', '', '91921155', '', '', '', '', 1, 0.00),
	(875, 'Moobi Serviços de Informatica ltda ME', '', '', '11908706/0001-72', NULL, '', 'Rua Dr. Silverio Fontes, 279 Bairro Cirurgia', 'Aracaju ', 'SE', '79055-250', '3302-7476', '99974-4714', '', 'financeiro@moobitech.com.br', '', 1, 0.00),
	(877, 'Eurotech Distribuidora', '', 'Fernando', '08863777/0001-91', NULL, '', '', 'Aracaju', 'SE', '', '', '', '', 'fernando@eurotechdistrubuidora.com.br', '', 1, 0.00),
	(878, 'Eurotech Distribuidora', '', 'Fernando', '08863777/0001-91', NULL, '', '', 'Aracaju', 'SE', '', '79 32312210', '', '', 'fernando@eurotechdistrubuidora.com.br', '', 1, 0.00),
	(881, 'Valnaci', '', '', '', NULL, '', '', '', '', '', '996466192', '', '', '', '', 1, 0.00),
	(882, 'STARK VEÍCULOS LTDA', '', 'Cledna', '16866845/0001-02', '', '', 'Av Tancredo Neves 3960 Ponto Novo', '', '', '49097-510', '99972-7405', '', '', 'victoria@empresashg.com', '', 1, 0.00),
	(883, 'Atlanta Restaurante Chopperia', '', '', '', NULL, '', '', '', '', '', '999088886', '998733457', '', '', '', 1, 0.00),
	(884, 'Annette Rivas', '', '', '', NULL, '', '', '', '', '', '999710634', '', '', '', '', 1, 0.00),
	(885, 'Esdras Guimarães Freire', '', '', '', NULL, '', '', '', '', '', '988067573', '', '', '', '', 1, 0.00),
	(886, 'Maria Lourdes Almeida', '', '', '', NULL, '', '', '', '', '', '999065987', '', '', '', '', 1, 0.00),
	(887, 'Churrascaria Recanto Gaucho', '', 'Alceu Morlin Júnior', '', NULL, '', '', '', '', '', '999784484', '', '', '', '', 1, 0.00),
	(888, 'Katia Simone', '', '', '', NULL, '', '', '', '', '', '99965-8444', '', '', '', '', 1, 0.00),
	(889, 'Maria do Carmo Porto', '', '', '', NULL, '', '', '', '', '', '3236-3598', '', '', '', '', 1, 0.00),
	(890, 'Soleide Collection', 'Soleide', '', '', NULL, '', '', '', '', '', '99972-0329', '', '', '', '', 1, 0.00),
	(891, 'Marcus Vinicius', '', '', '', NULL, '', '', '', '', '', '988074574', '', '', '', '', 1, 0.00),
	(892, 'Inst. de Estudos de Protesto de Titulos de Brasil SE', '', '', '20.929.420/0001-64', NULL, '', 'Avenida Rio Branco   186 Bairro Centro', 'Aracaju ', 'SE', '49010-030', '', '', '', 'sandovaltakeo@protestodetitulos.org.br', '', 1, 0.00),
	(893, 'Patrício Turismo', '', '', '', NULL, '', '', '', '', '', '(75)99971-0968', '(75)99928-9668', '', '', '', 1, 0.00),
	(894, 'Ville Excellence', '', 'A&E Serviços Medicos Ltda', '130514810001/06', NULL, '', '', '', '', '', '98874-1023', '', '', '', '', 1, 0.00),
	(895, 'Hadans', '', '', '', NULL, '', '', '', '', '', '99934-5207', '', '', '', '', 1, 0.00),
	(896, 'Ana Izabel', '', '', '', NULL, '', '', '', '', '', '99963-6356', '', '', '', '', 1, 0.00),
	(897, 'Jovem Pam', '', '', '', NULL, '', '', '', '', '', '99985-7822', '', '', '', '', 1, 0.00),
	(898, 'WD Cartucho', '', 'WD Cartucho', '', NULL, '', '', '', '', '', '99924-6484', '', '', '', '', 1, 0.00),
	(899, 'MIDIA LUX', '', '', '', NULL, '', '', '', '', '', '99995-4995', '', '', '', '', 1, 0.00),
	(900, 'Francisco Barreto', '', '', '', NULL, '', '', '', '', '', '99912-8303', '', '', '', '', 1, 0.00),
	(901, 'Rachel Fontes Barreto', '', '', '', NULL, '', '', '', '', '', '98814-1305', '', '', '', '', 1, 0.00),
	(902, 'Sidney', '', '', '', NULL, '', '', '', '', '', '99949-9393', '', '', '', '', 1, 0.00),
	(903, 'Sidney', '', '', '', NULL, '', '', '', '', '', '99949-9393', '', '', '', '', 1, 0.00),
	(904, 'Jane (Aquarium)', '', '', '', NULL, '', '', '', '', '', '99988-8586', '', '', '', '', 1, 0.00),
	(905, 'Novamax', '', 'Rejane', '', NULL, '', '', '', '', '', '99141-3770', '', '', '', '', 1, 0.00),
	(906, 'Jussara Santana', '', '', '', NULL, '', '', '', '', '', '98808-3645', '', '', '', '', 1, 0.00),
	(907, 'Jussara Santana', '', '', '', NULL, '', '', '', '', '', '98808-3645', '', '', '', '', 1, 0.00),
	(908, 'Silas Menezes Santos', '', '', '', NULL, '', '', '', '', '', '99881-3100', '', '', '', '', 1, 0.00),
	(909, 'Brasil Pescados(Ana Paula)', '', '', '', NULL, '', '', '', '', '', '3222-0302', '99134-4205', '', '', '', 1, 0.00),
	(910, 'Cristiane Moura', '', '', '', NULL, '', '', '', '', '', '98831-3134', '', '', '', '', 1, 0.00),
	(911, 'EMBRAPES', '', '', '02.984.242/0001-92', 'EMBRAPES - EMPRESA BRASILEIRA DE PRESTACAO DE SERVICOS LTDA', '', 'End: Rua Manoel Espirito Santo, 469', 'Grageru', 'SE', '49025-440', '3023-1366', '', '', 'aislan.comercial@embrapes.com.br', 'Cristiane 99910-4612', 1, 0.00),
	(912, 'Neide', '', '', '', NULL, '', '', '', '', '', '999685555', '', '', '', '', 1, 0.00),
	(913, 'Camille', '', '', '', NULL, '', '', '', '', '', '99916-8589', '', '', '', '', 1, 0.00),
	(914, 'Andreza', '', '', '', NULL, '', '', '', '', '', '99819-8718', '', '', '', '', 1, 0.00),
	(915, 'Gacc (Patricia)', '', '', '', NULL, '', '', '', '', '', '3211-5642', '', '', '', '', 1, 0.00),
	(916, 'Nailson Júnior', '', '', '', NULL, '', '', '', '', '', '999988069', '', '', '', '', 1, 0.00),
	(917, 'Tranquila Seguros', '', '', '', NULL, '', '', '', '', '', '79 3025-0022', '7999633-5005', '', '', '', 1, 0.00),
	(918, 'Carlos Alberto Viana', '', '', '', NULL, '', '', '', '', '', '99199-6298', '', '', '', '', 1, 0.00),
	(919, 'Rancho 3M ( Maurício Oliveira)', '', '', '', NULL, '', '', '', '', '', '99988-7676', '', '', '', '', 1, 0.00),
	(920, 'Planeta dos Macacos', '', 'Adilson Almeida', '', NULL, '', '', '', '', '', '99992-7013', '', '', '', '', 1, 0.00),
	(921, 'Ana Elisabeth', '', 'Ana Elisabeth', '', NULL, '', '', '', '', '', '99964-6770', '', '', '', '', 1, 0.00),
	(922, 'Neurocare', '', 'Alisson', '', NULL, '', '', '', '', '     -', '30226-397', '     -', '     -', '', '', 1, 0.00),
	(923, 'Anderson Carlos', '', 'Anderson Carlos', '', NULL, '', '', '', '', '', '3252-14-93', '99961-7121', '', '', '', 1, 0.00),
	(924, 'Ícaro', '', '', '', NULL, '', '', '', '', '', '99969-4859', '', '', '', '', 1, 0.00),
	(925, 'Condominio Ilha do Sto Aleicho', '', 'Helenita', '', NULL, '', '', '', '', '', '99924-3662', '', '', '', '', 1, 0.00),
	(926, 'Gustavo Cabral', '', '', '', NULL, '', '', '', '', '', '98813-0010', '', '', '', '', 1, 0.00),
	(927, 'Ursula Carvalho', '', 'Ursula', '', NULL, '', '', '', '', '', '99812-4764', '', '', '', '', 1, 0.00),
	(928, 'Missleide', '', '', '', NULL, '', '', '', '', '', '9942-4014', '', '', '', '', 1, 0.00),
	(929, 'M Estrutura Solar(Valtran)', '', '', '', NULL, '', '', '', '', '', '996751010', '', '', '', '', 1, 0.00),
	(930, 'Jucilene( Hospital Cirurgia)', '', '', '', NULL, '', '', '', '', '', '2106-7312', '', '', '', '', 1, 0.00),
	(931, 'Pousada dos Caminhos', '', 'Edwar', '', NULL, '', '', '', '', '', '3243-4315', '', '', '', '', 1, 0.00),
	(933, 'Hortencia', '', 'Hortencia', '', NULL, '', '', '', '', '', '99986-6598', '3211-5432', '', '', '', 1, 0.00),
	(934, 'Joana Dart', '', 'Joana', '', NULL, '', '', '', '', '', '98125-0822', '', '', '', '', 1, 0.00),
	(935, 'Maria do Carmo', '', '', '', NULL, '', '', '', '', '', '99929-3843', '', '', '', '', 1, 0.00),
	(936, 'Mohana Gonçalves Machado ME', '', 'Laís', '23680104/0001-90', NULL, '', 'Av Santos Dumont 340, Atalaia Velha', 'Aracaju', 'SE', '49037-475', '98862-4326', '99915-2079', '     -', 'lclaiscazais@hotmail.com', 'CNPJ Salvador: 23680104/0003-51\r\n\r\nAvenida Sete de Setembro, 3691 , Barra - CEP: 40130-000 - Salvador - BA\r\n\r\ndanifarma.consultoria@hotmail.com\r\nronaldobagatelle@outlook.com', 1, 0.00),
	(937, 'Livia Furtado', '', 'Livia', '', NULL, '', '', '', '', '', '9969-4296', '', '', '', '', 1, 0.00),
	(938, 'Natália', '', '', '', NULL, '', '', '', '', '', '99862-6450', '', '', '', '', 1, 0.00),
	(939, 'Helia', '', 'Helia', '', NULL, '', '', '', '', '', '99924-0823', '', '', '', '', 1, 0.00),
	(940, 'Ana Letícia', '', '', '', NULL, '', '', '', '', '', '98116-6706', '', '', '', '', 1, 0.00),
	(941, 'SUPER SAVE ADMINISTRADORA E CORRETORA DE SEGUROS LTDA', '', 'Bárbara', '08710589/0001-23', NULL, '', 'Avenida Gonçalo Prado Rolemberg, 1626', 'Aracaju', 'SE', '49015-230', '3211-5313', '', '', 'supersaveseguros@hotmail.com', '', 1, 0.00),
	(942, 'Espetinho do Rui', '', 'Rui', '', NULL, '', '', '', '', '', '99935-9968', '', '', '', '', 1, 0.00),
	(943, 'Del Carmem', '', 'Del Carmem', '', NULL, '', '', '', '', '', '3231-6831', '', '', '', '', 1, 0.00),
	(944, 'Vera Rodrigues', '', '', '', NULL, '', '', '', '', '', '98816-2240', '', '', '', '', 1, 0.00),
	(945, 'Maria de Lourdes Almeida', '', 'Maria de Lourdes', '', NULL, '', '', '', '', '', '99906-5987', '', '', '', '', 1, 0.00),
	(946, 'Alessandra Sodré', '', '', '', NULL, '', '', '', '', '', '9995-3776', '', '', '', '', 1, 0.00),
	(948, 'Anselmo Guincho', '', 'Cristina', '', NULL, '', '', '', '', '', '99629-0026', '', '', '', '', 1, 0.00),
	(949, 'Vera Fontes', '', '', '', NULL, '', '', '', '', '', '99971-1798', '', '', '', '', 1, 0.00),
	(950, 'Iara', '', '', '', NULL, '', '', '', '', '', '99977-6713', '', '', '', '', 1, 0.00),
	(951, 'Roque', '', 'Equipe Pé no Chão + Nome', '', NULL, '', '', '', '', '', '99844-0337', '', '', '', '', 1, 0.00),
	(952, 'Pedro Paulo( Espetinho Buscapé)', '', '', '', NULL, '', '', '', '', '', '99801-6604', '', '', '', '', 1, 0.00),
	(953, 'Débora', '', 'Debora', '', NULL, '', '', '', '', '', '99192-9695', '', '', '', '', 1, 0.00),
	(954, 'Asseg Seguros', '', 'Karina', '13163787000154', NULL, '', 'Rua Sto. Amaro, 82 - Centro', 'Aracaju', 'SE', '', '3214-5655', '', '', 'karina.asseg@infonet.com.br', '', 1, 0.00),
	(955, 'Noemi', '', 'Noemi', '', NULL, '', '', '', '', '', '99643-1203', '', '', '', '', 1, 0.00),
	(956, 'Cristiane', '', 'Cristiane', '', NULL, '', '', '', '', '', '99978-6605', '', '', '', '', 1, 0.00),
	(957, 'Eliz', '', 'Eliz', '', NULL, '', '', '', '', '', '99962-6904', '', '', '', '', 1, 0.00),
	(958, 'LAB', '', 'Lara Almeida', '', NULL, '', '', '', '', '', '99971-2126', '', '', '', '', 1, 0.00),
	(959, 'Márcia Maria de Oliveira Santos', '', '', '', NULL, '', '', '', '', '', '99156-5200', '', '', '', '', 1, 0.00),
	(960, 'Manoel Azevedo', '', 'Manoel Azevedo', '', NULL, '', '', '', '', '', '99988-4501', '', '', '', '', 1, 0.00),
	(961, 'Priscila', '', 'Priscila', '', NULL, '', '', '', '', '', '3211-3163', '', '', '', '', 1, 0.00),
	(962, 'Layla', '', 'Layla', '', NULL, '', '', '', '', '', '99955-7611', '', '', '', '', 1, 0.00),
	(963, 'Ana Paula Matos', '', '', '', NULL, '', '', '', '', '', '3224-4454', '99997-6483', '', '', '', 1, 0.00),
	(964, 'Flavia Apolonio', '', 'Flavia', '', NULL, '', '', '', '', '', '99951-0015', '', '', '', '', 1, 0.00),
	(965, 'Andréa Chagas', '', 'Andréa Chagas', '', NULL, '', '', '', '', '', '98800-9873', '', '', '', '', 1, 0.00),
	(966, 'Thiago', '', '', '', NULL, '', '', '', '', '', '99989-7180', '', '', '', '', 1, 0.00),
	(967, 'Thiago', '', '', '', NULL, '', '', '', '', '', '99989-7180', '', '', '', '', 1, 0.00),
	(968, 'Espaço do Estudante', '', 'Sileide', '', NULL, '', '', '', '', '', '99881-1736', '', '', '', '', 1, 0.00),
	(969, 'Maria Helena(SEMEQ)', '', 'Maria Helena', '', NULL, '', '', '', '', '', '3214-0387', '', '', '', '', 1, 0.00),
	(970, 'Sueli', '', 'Sueli', '', NULL, '', '', '', '', '', '99967-5230', '', '', '', '', 1, 0.00),
	(971, 'Mariana Paes', '', '', '', NULL, '', '', '', '', '', '99162-2822', '', '', '', '', 1, 0.00),
	(972, 'Pulsatrix', '', 'Pulsatrix', '', NULL, '', '', '', '', '', '99979-1175', '99841-8020', '', '', '', 1, 0.00),
	(973, 'Vera', '', 'Vera', '', NULL, '', '', '', '', '', '99133-5943', '', '', '', '', 1, 0.00),
	(974, 'Yara Barros', '', '', '', NULL, '', '', '', '', '', '99982-3732', '', '', '', '', 1, 0.00),
	(975, 'Telemult', '', 'Aldo', '', NULL, '', '', '', '', '', '99989-0221', '', '', '', '3214-3959 2014', 1, 0.00),
	(976, 'Ana Quitéria', '', '', '', NULL, '', '', '', '', '', '98849-2984', '', '', '', '', 1, 0.00),
	(977, 'Eudas', '', 'Eudas', '', NULL, '', '', '', '', '', '99959-2727', '', '', '', '', 1, 0.00),
	(978, 'David', '', '', '', NULL, '', '', '', '', '', '99896-2351', '', '', '', '', 1, 0.00),
	(979, 'Sara', '', '', '', NULL, '', '', '', '', '', '98101-1183', '', '', '', '', 1, 0.00),
	(980, 'Cláudia Nascimento', '', 'Claudia', '', NULL, '', '', '', '', '', '99909-8204', '', '', '', '', 1, 0.00),
	(981, 'Claudia Nascimento', '', 'Claudia', '', NULL, '', '', '', '', '', '99909-8204', '', '', '', '', 1, 0.00),
	(982, 'Leomar', '', 'Leomar', '', NULL, '', '', '', '', '', '98124-7226', '', '', '', '', 1, 0.00),
	(983, 'Edivani', '', 'Edivani', '', NULL, '', '', '', '', '', '99979-6154', '', '', '', '', 1, 0.00),
	(984, 'Fernanda Oliveira', '', 'Fernanda', '', NULL, '', '', '', '', '', '99978-5982', '', '', '', '', 1, 0.00),
	(985, 'Ronilson', '', 'Ronilson', '', NULL, '', '', '', '', '', '99983-4119', '', '', '', '', 1, 0.00),
	(986, 'Ronilson', '', 'Ronilson', '', NULL, '', '', '', '', '', '99983-4119', '', '', '', '', 1, 0.00),
	(987, 'Jardim Escola Babylandia', '', 'Bete', '13172655/0001-99', NULL, '', 'Rua Francisco Portugual, 415 - Salgado Filho', 'Aracaju', 'SE', '49020-390', '3246-6768', '', '', 'monique@escolababylandia.com.br', '', 1, 0.00),
	(988, 'Amanda Gouveia (Col Agape)', '', 'Amanda', '', NULL, '', '', '', '', '     -', '99921-3919', '32153-364', '     -', '', '', 1, 0.00),
	(989, 'DNA (Eri)', '', '', '', NULL, '', '', '', '', '', '99911-7442', '', '', '', '', 1, 0.00),
	(990, 'Aretusa Morais', '', 'Artusa', '', NULL, '', '', '', '', '     -', '99935-6561', '     -', '     -', '', '', 1, 0.00),
	(991, 'Alexandre Chagas', '', 'Alexandre', '', NULL, '', '', '', '', '', '99949-3187', '', '', '', '', 1, 0.00),
	(992, 'Viviane', '', '', '', NULL, '', '', '', '', '', '99600-0808', '', '', '', '', 1, 0.00),
	(993, 'Izaque de Brito', '', 'Azaque', '', NULL, '', '', '', '', '', '98809-1009', '', '', '', '', 1, 0.00),
	(994, 'Leomar', '', '', '', NULL, '', '', '', '', '', '98124-7226', '', '', '', '', 1, 0.00),
	(995, 'Alcantara', '', '', '', NULL, '', '', '', '', '', '99972-4616', '', '', '', '', 1, 0.00),
	(996, 'Calcinha & Cia', '', '', '', NULL, '', '', '', '', '', '3222-6902/', '98867-5587', '', '', '', 1, 0.00),
	(997, 'Anderson Fabiano', '', '', '', NULL, '', '', '', '', '', '999240344', '', '', '', '', 1, 0.00),
	(998, 'Edcarlos', '', 'Edcarlos', '', NULL, '', '', '', '', '', '99902-0602', '', '', '', '', 1, 0.00),
	(999, 'Julio passos imoveis', '', 'Gustavo', '', NULL, '', '', '', '', '', '99978-0050', '', '', '', '', 1, 0.00),
	(1000, 'Vinicius Carvalho', '', 'Vinicius', '', NULL, '', '', '', '', '', '98862-7357', '', '', '', '', 1, 0.00),
	(1001, 'Ana Paula', '', 'Ana Paula', '', NULL, '', '', '', '', '', '99998-8086', '', '', '', '', 1, 0.00),
	(1002, 'Patrícia Santana', '', '', '', NULL, '', '', '', '', '', '99982-5564', '', '', '', '', 1, 0.00),
	(1003, 'Emília Araújo', '', 'Emilia', '', NULL, '', '', '', '', '', '98851-1184', '', '', '', '', 1, 0.00),
	(1004, 'Paula Renata', '', 'Paula Renata', '', NULL, '', '', '', '', '', '98843-1787', '', '', '', '', 1, 0.00),
	(1005, 'Lucas Anchieta', '', '', '', NULL, '', '', '', '', '', '99178-7522', '', '', '', '', 1, 0.00),
	(1006, 'Nicolas Fraga Pinheiro', '', 'Nicolas', '', NULL, '', '', '', '', '', '3209163-4996', '', '', '', '', 1, 0.00),
	(1007, 'Fernanda Alves', '', 'Fernanda', '', NULL, '', '', '', '', '', '99902-3332', '', '', '', '', 1, 0.00),
	(1008, 'Vilma Bezerra', '', 'Vilma', '', NULL, '', '', '', '', '', '99987-0190', '', '', '', '', 1, 0.00),
	(1009, 'Vanessa Albuquerque', '', 'Vanessa', '', NULL, '', '', '', '', '', '99107-0279', '', '', '', '', 1, 0.00),
	(1010, 'Priscilla Lins', '', 'Priscilla', '', NULL, '', '', '', '', '', '99165-5462', '', '', '', '', 1, 0.00),
	(1011, 'Nancy Noia', '', 'Nancy', '', NULL, '', '', '', '', '', '9957-3944', '', '', '', '', 1, 0.00),
	(1012, 'Sheilla', '', '', '', NULL, '', '', '', '', '', '98802-0759', '', '', '', '', 1, 0.00),
	(1013, 'Marcio Rodrigo', '', 'Marcio', '', NULL, '', '', '', '', '', '99897-8196', '', '', '', '', 1, 0.00),
	(1014, 'TJ COMÉRCIO E REPRESENTAÇÕES LTDA', 'Márcia', '', '164514290001/35', NULL, '', '', '', '', '', '99995-1225', '', '', 'financeirotjcomercio@hotmail.com', '', 1, 0.00),
	(1015, 'Lilian', '', 'Lilian', '', NULL, '', '', '', '', '', '99875-9912', '', '', '', '', 1, 0.00),
	(1016, 'Izabelita', '', 'Izabelita', '', NULL, '', '', '', '', '', '9992-4084', '', '', '', '', 1, 0.00),
	(1017, 'Nubia', '', 'Nubia', '', NULL, '', '', '', '', '', '99886-7230', '3021-1840', '', '', '', 1, 0.00),
	(1018, 'Izandra', '', 'Izandra', '', NULL, '', '', '', '', '', '98833-9885', '98843-6778', '', '', '', 1, 0.00),
	(1019, 'Cristiane Meire', '', 'Cristiane', '', NULL, '', '', '', '', '', '9929-0946', '3231-5010', '', '', '', 1, 0.00),
	(1020, 'Patrícia Araujo Lima', '', 'Patricia', '', NULL, '', '', '', '', '', '98807-1789', '', '', '', '', 1, 0.00),
	(1021, 'Luis Lima', '', 'Luis', '', NULL, '', '', '', '', '', '7599944-7430', '', '', '', '', 1, 0.00),
	(1022, 'Marina Franco', '', 'Marina', '', NULL, '', '', '', '', '', '99906-5613', '', '', '', '', 1, 0.00),
	(1023, 'Helia Martha', '', 'Helia Martha', '', NULL, '', '', '', '', '', '99924-0823', '', '', '', '', 1, 0.00),
	(1024, 'Centro de Diabetes de Sergipe( Verônica)', '', 'Venrônica', '019414600001-87', NULL, '', 'Rua Guilhermino Rezende, 336', 'Aracaju', 'SE', '49020-270', '99881-2067', '', '', 'centrodediabetes@infonet.com.br', '', 1, 0.00),
	(1025, 'Silvia Cristina', '', 'Silvia Cristina', '', NULL, '', '', '', '', '', '9933-0695', '', '', '', '', 1, 0.00),
	(1026, 'AjuExpress', '', '', '', NULL, '', '', '', '', '     -', '99191-0250', '     -', '32113-236', '', '', 1, 0.00),
	(1027, 'Saulo Maia', '', 'Saulo', '', NULL, '', '', '', '', '', '99971-3316', '', '', '', '', 1, 0.00),
	(1028, 'André Roberto', '', 'Andre Roberto', '', NULL, '', '', '', '', '', '99981-3565', '', '', '', '', 1, 0.00),
	(1029, 'André Roberto', '', 'Andre', '', NULL, '', '', '', '', '', '9981-3565', '', '', '', '', 1, 0.00),
	(1030, 'Ane Caroline', '', '', '', NULL, '', '', '', '', '', '99903-7072', '', '', '', '', 1, 0.00),
	(1031, 'Bianca Chavier', '', 'Bianca', '', NULL, '', '', '', '', '', '99144-2542', '', '', '', '', 1, 0.00),
	(1032, 'Jaime Nascimento', '', 'Jaime', '', NULL, '', '', '', '', '', '3231-1189', '', '', '', '', 1, 0.00),
	(1033, 'Mary Luciana', '', '', '', NULL, '', '', '', '', '', '99931-8326', '', '', '', '', 1, 0.00),
	(1034, 'Daniela Ataide', '', '', '', NULL, '', '', '', '', '', '981264673', '', '', '', '', 1, 0.00),
	(1035, 'Suporte Agrícola Ltda ME', '', '', '', NULL, '', '', '', '', '', '99801-2741', '', '', '', '', 1, 0.00),
	(1036, 'Alessandra', '', 'Alessandra', '', NULL, '', '', '', '', '', '99938-9047', '', '', '', '', 1, 0.00),
	(1037, 'Wendel Nunes', '', 'Wendel Nunes', '', NULL, '', '', '', '', '', '99847-1153', '', '', '', '', 1, 0.00),
	(1038, 'Jéssica', '', '', '', NULL, '', '', '', '', '', '99922-8596', '', '', '', '', 1, 0.00),
	(1039, 'Sarah Rabelo', '', '', '', NULL, '', '', '', '', '', '9823-9257', '', '', '', '', 1, 0.00),
	(1040, 'Joanna', '', 'Joanna', '', NULL, '', '', '', '', '', '3247-1358', '9986-6912', '', '', '', 1, 0.00),
	(1041, 'Eliedja', '', '', '', NULL, '', '', '', '', '', '3214-8997', '99808-6184', '', '', '', 1, 0.00),
	(1042, 'Lucia Melo', '', 'Lucia', '', NULL, '', '', '', '', '', '99992-4390', '', '', '', '', 1, 0.00),
	(1043, 'Fabiana', '', 'Fabiana', '', NULL, '', '', '', '', '', '99134-4711', '', '', '', '', 1, 0.00),
	(1044, 'Lorena', '', 'Lorena', '', NULL, '', '', '', '', '', '99904-3690', '', '', '', '', 1, 0.00),
	(1045, 'Rosa Angelica', '', 'Rosa Angelica', '', NULL, '', '', '', '', '', '99644-2234', '', '', '', '', 1, 0.00),
	(1046, 'Alexandre Morais', '', '', '', NULL, '', '', '', '', '', '99978-6222', '', '', '', '', 1, 0.00),
	(1047, 'Iolanda Santos', '', '', '', NULL, '', '', '', '', '', '99816-9202', '3254-1609', '', '', '', 1, 0.00),
	(1048, 'Maria Edvania Vieira Aciole', '', '', '', NULL, '', '', '', '', '', '99130-9292', '', '', '', '', 1, 0.00),
	(1049, 'Condomínio Vida Bela', '', '', '', '', '', '', '', '', '', '99892-2795', '', '', '', '', 1, 0.00),
	(1050, 'Madereira Santa Rita / Carlos Alberto', '', '', '', NULL, '', '', '', '', '', '32451793', '981768791', '', '', '', 1, 0.00),
	(1051, 'Fábio Martins', '', '', '', NULL, '', '', '', '', '     -', '99100-6923', '99985-0665', '98826-9561', '', 'Patricia ', 1, 0.00),
	(1052, 'João Guilherme', '', '', '', NULL, '', '', '', '', '', '99979-6503', '', '', '', '', 1, 0.00),
	(1053, 'Ana Eloisa Santos', '', '', '', NULL, '', '', '', '', '', '99858-2820', '', '', '', '', 1, 0.00),
	(1054, 'José Achiles de Araujo Machado', '', '', '', NULL, '', '', '', '', '', '99982-7086', '', '', '', '', 1, 0.00),
	(1055, 'Neuza Azevedo', '', 'Neuza Azevedo', '', NULL, '', '', '', '', '', '99650-2155', '', '', '', '', 1, 0.00),
	(1056, 'Edineide Oliveira de Jesus', '', '', '', '', '', '', '', '', '', '99926-9701', '', '', '', '', 1, 0.00),
	(1057, 'Renata Barbosa', '', 'Renata', '', NULL, '', '', '', '', '', '99981-5790', '', '', '', '', 1, 0.00),
	(1058, 'Vanessa Lima', '', 'Vanessa', '', NULL, '', '', '', '', '', '99963-6784', '', '', '', '', 1, 0.00),
	(1059, 'Lidia Meire', '', 'Lidia', '', NULL, '', '', '', '', '', '99971-5773', '', '', '', '', 1, 0.00),
	(1060, 'Marcia Maria Rocha', '', 'Marcia Maria', '', '', '', '', '', 'SE', '', '99977-6257', '', '', '', '', 1, 0.00),
	(1061, 'Marluce da Silva Santos', '', 'Marluce', '', '', '', '', '', 'SE', '', '99987-3521', '', '', '', '', 1, 0.00),
	(1062, 'Marilia Gomides', '', 'Marilia', '', NULL, '', '', '', '', '', '99806-5150', '', '', '', '', 1, 0.00),
	(1063, 'Maíse Almeida', '', '', '', '', '', '', '', 'SE', '', '98142-6946', '', '', '', '', 1, 0.00),
	(1064, 'José Alves de Gouveia', '', '', '', '', '', 'Rua Dr. José Luciano Siqueira, 158', 'Aracaju', '', '49050566', '32115232', '', '', '', '                            ', 1, 0.00);
/*!40000 ALTER TABLE `clientes` ENABLE KEYS */;

-- Copiando estrutura para tabela p-med.empregados
CREATE TABLE IF NOT EXISTS `empregados` (
  `id` int(10) unsigned NOT NULL AUTO_INCREMENT,
  `nome` varchar(70) CHARACTER SET latin1 NOT NULL,
  `funcao` varchar(20) CHARACTER SET latin1 DEFAULT NULL,
  `nascimento` date DEFAULT NULL,
  `admissao` date DEFAULT NULL,
  `demissao` date DEFAULT NULL,
  `endereco` varchar(60) CHARACTER SET latin1 DEFAULT NULL,
  `cidade` varchar(20) CHARACTER SET latin1 DEFAULT NULL,
  `uf` varchar(2) CHARACTER SET latin1 DEFAULT NULL,
  `cep` varchar(9) CHARACTER SET latin1 DEFAULT NULL,
  `telefone1` varchar(20) CHARACTER SET latin1 DEFAULT NULL,
  `telefone2` varchar(20) CHARACTER SET latin1 DEFAULT NULL,
  `telefone3` varchar(20) CHARACTER SET latin1 DEFAULT NULL,
  `email` varchar(60) CHARACTER SET latin1 DEFAULT NULL,
  `obs` varchar(1024) CHARACTER SET latin1 DEFAULT NULL,
  `status` tinyint(4) DEFAULT '0',
  `estado` tinyint(4) DEFAULT '1',
  PRIMARY KEY (`id`)
) ENGINE=InnoDB AUTO_INCREMENT=39 DEFAULT CHARSET=utf8 ROW_FORMAT=DYNAMIC;

-- Copiando dados para a tabela p-med.empregados: ~30 rows (aproximadamente)
/*!40000 ALTER TABLE `empregados` DISABLE KEYS */;
INSERT INTO `empregados` (`id`, `nome`, `funcao`, `nascimento`, `admissao`, `demissao`, `endereco`, `cidade`, `uf`, `cep`, `telefone1`, `telefone2`, `telefone3`, `email`, `obs`, `status`, `estado`) VALUES
	(1, 'Elizangela Cardoso Gouveia Sá', 'Gerente', '1981-09-24', '2012-08-01', NULL, 'Rua:  L 135  Jardim Centenário', 'Aracaju', '', '     -', '99906-7171', ' 3252-7249', '     -', '', 'PIX CPF: 781 868 115-91\r\nPeíodo aquisitivo: 01/08/???? - 31/07/????\r\n\r\n\r\nFérias: jul2016 \r\nprox.julho/2017', 0, 1),
	(2, 'Marly Gouveia Souza de Sá Gouveia', 'Sócia Gerente', NULL, NULL, NULL, 'Rua Dr. José Luciano Siqueira, 158 - Pereira Lobo', 'Aracaju', 'SE', '49050-060', '98837-5232', '', '', 'marlysouzagouveia@gmail.com', 'RG=834.056', 1, 1),
	(3, 'Acacia Rejane Cardoso da Silva', 'Designer ', '1979-09-21', '2008-10-01', '2011-07-17', 'Rua F 3 376 , Bugio', 'Aracaju', '', '', '9964-4714', '', '', '', '', 0, 2),
	(4, 'José Alves Gouveia', 'Sócio Gerente', '1961-04-08', '1998-01-01', NULL, '', '', '', '     -', '98801-5232', '     -', '     -', '', '', 0, 1),
	(5, 'Sandra Bispo Carvalho ', 'Operadora', '1981-01-19', '2003-05-02', '2009-05-04', 'Rua 85/81 Nª 48   Marcos Freire II ', 'Socorro', '', '', '8806-6912', '', '', '', '', 0, 2),
	(6, 'Maria Elaniê Cardoso Gouveia', 'Design', '1989-05-20', '2006-02-01', NULL, 'Rua Prof Maria Valdete 26, Bugio', 'Aracaju', 'SE', '     -', '99983-7723', '     -', '     -', '', 'PIX CPF: 038.702.055-12\r\n\r\nPeíodo aquisitivo: 01/02/???? - 31/01/????\r\nFérias: maio/2016', 0, 1),
	(15, 'Marlúcia Santos de Souza', 'Operadora', '2003-05-02', NULL, '2016-11-17', '', '', 'SE', '', '', '', '', '', '', 0, 2),
	(16, 'Gardênia Bezerra dos Santos', 'Operadora', '2003-05-02', NULL, '2016-11-17', '', '', '', '     -', '98879-6328', '     -', '     -', '', '\r\n\r\nFérias: jun/2016', 0, 2),
	(17, 'Maria Patrícia Matos da Silva', 'Operadora', '2006-11-01', '2011-05-24', '2016-11-17', NULL, NULL, NULL, NULL, NULL, NULL, NULL, NULL, NULL, 0, 2),
	(18, 'Maria Jucilaine de Souza Cardoso', 'Operadora', '2007-07-02', '2008-10-01', '2016-11-17', NULL, NULL, NULL, NULL, NULL, NULL, NULL, NULL, NULL, 0, 2),
	(19, 'Carla da Silva Santos Alves', 'OPeradora', '2007-09-03', '2008-01-07', '2016-11-17', NULL, NULL, NULL, NULL, NULL, NULL, NULL, NULL, NULL, 0, 2),
	(20, 'Amália Cardoso de Sá', 'Gerais', '1958-02-18', '2008-04-01', '2016-11-17', '', '', '', '     -', '     -', '     -', '     -', '', '', 0, 3),
	(21, 'Rosemeire Santos Ferreira', 'Operadora', '2008-04-01', '2010-11-01', '2016-11-17', NULL, NULL, NULL, NULL, NULL, NULL, NULL, NULL, NULL, 0, 2),
	(22, 'Lenilsa Santos Silva', 'Operadora', '2008-10-01', '2019-08-09', NULL, '', '', '', '     -', '99825-8993', '98823-5118', '     -', '', '1a admissão: 01/10/2008\r\nPeíodo aquisitivo: 10/08/???? - 30/09/????\r\n\r\n\r\n\r\nFérias: 12/09/2016', 0, 1),
	(23, 'Ricardo Rodrigues Conceição', 'Operador', '2008-11-03', '2009-07-01', '2016-11-17', NULL, NULL, NULL, NULL, NULL, NULL, NULL, NULL, NULL, 0, 2),
	(24, 'Genilton Barbosa dos Santos', 'Operador', '2009-03-02', '2009-05-29', '2016-11-17', NULL, NULL, NULL, NULL, NULL, NULL, NULL, NULL, NULL, 0, 2),
	(25, 'Geonilton Barbosa dos Santos', 'Operador', '2009-08-03', '2010-05-05', '2016-11-17', '', '', '', '', '', '', '', '', '\r\n', 0, 2),
	(26, 'Elder Ricardo Alves Mendonça', 'Operador', '2009-10-01', NULL, '2016-11-17', NULL, NULL, NULL, NULL, NULL, NULL, NULL, NULL, NULL, 0, 2),
	(27, 'Weverton da Conceição Sacramento', 'Operador', '2010-02-01', '2010-05-01', '2016-11-17', NULL, NULL, NULL, NULL, NULL, NULL, NULL, NULL, NULL, 0, 2),
	(28, 'Weverton da Conceição Sacramento', 'Operador', '2010-09-01', '2011-07-04', '2016-11-17', NULL, NULL, NULL, NULL, NULL, NULL, NULL, NULL, NULL, 0, 2),
	(29, 'Genilton Santos da Silva Lopes', 'Operador', '2010-03-29', '2010-05-12', '2016-11-17', NULL, NULL, NULL, NULL, NULL, NULL, NULL, NULL, NULL, 0, 2),
	(30, 'Joelma Marques dos Santos', 'Operadora', '2010-10-18', '2010-10-18', NULL, '', '', '', '     -', '98109-6887', '99605-7103', '     -', '', 'Peíodo aquisitivo: 18/10/???? - 17/10/????\r\n\r\nFérias: 17/10/2016\r\n\r\nCPF Filha: 094.117.995-82 Mikaely \\marques de Souza', 0, 3),
	(31, 'Iury Danilo dos Santos Silva', 'Operador', '2010-11-01', '2011-01-29', '2016-11-17', NULL, NULL, NULL, NULL, NULL, NULL, NULL, NULL, NULL, 0, 2),
	(32, 'Ivaneide Alves Guimarães Matos', 'Operadora', '2011-02-01', '2011-05-01', '2016-11-17', '', '', 'SE', '', '', '', '', '', '', 0, 2),
	(33, 'Alisson Candido dos Santos', 'Operador', '1981-09-23', '2012-08-01', '2022-01-21', '', '', 'SE', '     -', '99682-8376', '99120-7680', '     -', '', 'Peíodo aquisitivo: 01/08/???? - 31/07/????\r\n\r\n\r\nPrefere para 2017 em agosto++\r\n\r\nFérias: jul/2016', 1, 2),
	(34, 'Eldeson Alves Mendonça', 'Operador', '2008-11-03', '2015-01-05', NULL, '', '', '', '     -', '98831-0206', '     -', '     -', '', 'PIX CPF: 046.516.765-96\r\n\r\nPeíodo aquisitivo: 05/01/???? - 04/01/????\r\n\r\nFérias: mar/2016', 1, 1),
	(35, 'Cicera Damiana da Silva Santos', 'Serviços Gerais', '2014-10-01', '2014-10-01', NULL, '', '', '', '     -', '99858-2881', '     -', '     -', '', 'Peíodo aquisitivo: 01/10/???? - 30/09/????\r\n\r\n\r\n\r\nFérias: 05/09/2016', 1, 1),
	(36, 'Alcimar Avelino Nunes Nascimento', 'Operador', '1981-09-04', '2017-05-02', NULL, '', '', 'SE', '     -', '     -', '     -', '     -', '', 'PIX CPF: 051 286 355-54\r\n\r\nBB Ag.: 1466-4 cc:11.947-4\r\n', 1, 1),
	(37, 'Alex Bruno de Jesus Santos', 'Operador de Máquina', NULL, '2019-09-10', NULL, '', '', '', '     -', '     -', '     -', '     -', '', 'PIX CPF: 071 790 675 20', 1, 1),
	(38, 'Genivaldo Alves dos Santos', 'Operador', NULL, '2021-06-01', NULL, NULL, NULL, NULL, NULL, NULL, NULL, NULL, NULL, 'PIX TEL: 79988203813', 1, 1);
/*!40000 ALTER TABLE `empregados` ENABLE KEYS */;

-- Copiando estrutura para tabela p-med.estados
CREATE TABLE IF NOT EXISTS `estados` (
  `id` int(11) NOT NULL,
  `nome` varchar(45) NOT NULL,
  `sigla` varchar(2) NOT NULL,
  PRIMARY KEY (`id`,`sigla`),
  UNIQUE KEY `sigla_UNIQUE` (`sigla`)
) ENGINE=InnoDB DEFAULT CHARSET=utf8;

-- Copiando dados para a tabela p-med.estados: ~27 rows (aproximadamente)
/*!40000 ALTER TABLE `estados` DISABLE KEYS */;
INSERT INTO `estados` (`id`, `nome`, `sigla`) VALUES
	(1, 'Acre', 'AC'),
	(2, 'Alagoas', 'AL'),
	(3, 'Amazonas', 'AM'),
	(4, 'Amapá', 'AP'),
	(5, 'Bahia', 'BA'),
	(6, 'Ceará', 'CE'),
	(7, 'Distrito Federal', 'DF'),
	(8, 'Espírito Santo', 'ES'),
	(9, 'Goiás', 'GO'),
	(10, 'Maranhão', 'MA'),
	(11, 'Minas Gerais', 'MG'),
	(12, 'Mato Grosso do Sul', 'MS'),
	(13, 'Mato Grosso', 'MT'),
	(14, 'Pará', 'PA'),
	(15, 'Paraíba', 'PB'),
	(16, 'Pernambuco', 'PE'),
	(17, 'Piauí', 'PI'),
	(18, 'Paraná', 'PR'),
	(19, 'Rio de Janeiro', 'RJ'),
	(20, 'Rio Grande do Norte', 'RN'),
	(21, 'Rondônia', 'RO'),
	(22, 'Roraima', 'RR'),
	(23, 'Rio Grande do Sul', 'RS'),
	(24, 'Santa Catarina', 'SC'),
	(25, 'Sergipe', 'SE'),
	(26, 'São Paulo', 'SP'),
	(27, 'Tocantins', 'TO');
/*!40000 ALTER TABLE `estados` ENABLE KEYS */;

-- Copiando estrutura para tabela p-med.fornecedores
CREATE TABLE IF NOT EXISTS `fornecedores` (
  `id` int(10) unsigned NOT NULL AUTO_INCREMENT,
  `nome` varchar(50) CHARACTER SET latin1 NOT NULL,
  `contato_funcao` varchar(20) CHARACTER SET latin1 DEFAULT NULL,
  `contato_nome` varchar(40) CHARACTER SET latin1 DEFAULT NULL,
  `cgc_cpf` varchar(20) CHARACTER SET latin1 DEFAULT NULL,
  `inscr_estadual` varchar(20) CHARACTER SET latin1 DEFAULT NULL,
  `endereco` varchar(60) CHARACTER SET latin1 DEFAULT NULL,
  `cidade` varchar(40) CHARACTER SET latin1 DEFAULT NULL,
  `uf` varchar(2) CHARACTER SET latin1 DEFAULT NULL,
  `cep` varchar(9) CHARACTER SET latin1 DEFAULT NULL,
  `telefone1` varchar(20) CHARACTER SET latin1 DEFAULT NULL,
  `telefone2` varchar(20) CHARACTER SET latin1 DEFAULT NULL,
  `telefone3` varchar(20) CHARACTER SET latin1 DEFAULT NULL,
  `email` varchar(60) CHARACTER SET latin1 DEFAULT NULL,
  `obs` varchar(1024) CHARACTER SET latin1 DEFAULT NULL,
  `estado` tinyint(4) DEFAULT '1',
  PRIMARY KEY (`id`)
) ENGINE=InnoDB AUTO_INCREMENT=90 DEFAULT CHARSET=utf8 ROW_FORMAT=DYNAMIC;

-- Copiando dados para a tabela p-med.fornecedores: ~83 rows (aproximadamente)
/*!40000 ALTER TABLE `fornecedores` DISABLE KEYS */;
INSERT INTO `fornecedores` (`id`, `nome`, `contato_funcao`, `contato_nome`, `cgc_cpf`, `inscr_estadual`, `endereco`, `cidade`, `uf`, `cep`, `telefone1`, `telefone2`, `telefone3`, `email`, `obs`, `estado`) VALUES
	(2, 'Elldorado 32145135  32142532', '', ' ', '', '', '', '', '', '', '', '', NULL, '', '', 1),
	(4, 'LDB Traspordadora', '', 'Camilo ou  Eliézer ', '', '', 'Rio de Janeiro', '', '', '', '81 21222600', '81 88923993', NULL, '', 'motorista Marcos 21 81959971  Eliézer 21 25640379 Cláudio 21 21222850', 1),
	(5, 'LDB-TRANSPORTADORA', '', 'CAMILO ', '', '', '', '', '', '', '(81)2122-2600', '(81)8892-3993', NULL, '', 'ELIZER (21) 2564-0379/CLÁUDIO (21) 2122-2850/MOTORISTA ( MARCOS) 21 8195-9971', 1),
	(6, 'LUPE', 'Gerente', ' Gouveia', '', '', '', 'Aracaju', 'SE', '49050260', '', '', NULL, '', '', 1),
	(7, 'Le Biscuit Atacadista de Armarinho Ltda.', '', 'Comsme de Farias ', '', '', 'Rua Paraíso / 291 / Nazaré Salvador -BA', 'Salvador', 'BA', '40040-000', '(71) 3276-8000', '32414853', NULL, '', '', 1),
	(8, 'Linha Zenite', '', 'Cordeiro ', '', '', '', '', '', '', '(71)33773959', '', NULL, '', '', 1),
	(9, 'M. C Bordados', 'Ceiça', ' ', '', '', '', '', '', '', '3042-4087', '', NULL, '', '', 1),
	(10, 'Ronaldo', '', ' ', '', '', 'Rua São Cristovâo', '', '', '', '3213-0830', '', NULL, '', '', 1),
	(11, 'Simili cartuchos  32145600', '', ' ', '', '', '', '', '', '', '3301-5605/Cris', '', '', '', '', 1),
	(12, 'Sônia Bordado', '', 'Sônia ', '', '', '', '', '', '', '3231-4937', '', NULL, '', '', 1),
	(13, 'TECBORDE', 'Gerente', 'Henrique ', '23559756553', '123456789', 'Rua Juiz de Fora,   - Barro Preto', 'Belo Horizonte', 'MG', '', '31 3295-5525', '', NULL, '', 'Registro um clientes', 1),
	(14, 'freudenberg', 'Vendedor', 'Fernando ', '', '', '', '', '', '     -', '     -', '     -', '     -', '', 'fernando-rep@uol.com.br \r\nFone (11) 96131-6702   \r\n\r\n\r\n\r\nObs. no pedido: Não enviar em caixas;\r\n        Lembramos que devido ao ISS partilhado, deve acompanhar a GRNE  visível para que não haja problemas na fiscalização.\r\n\r\nEntretela 653', 1),
	(15, 'ELIFRIOS', '', 'Jane', '', '', '', 'Aracaju', '', '', '32118941', '', '', '', '', 1),
	(17, 'DUDU ( ITABAIANINHA)', '', '', '', '', '', '', '', '', '9968-2441 ', '', '', '', '', 1),
	(18, 'Sebrae', '', '', '', '', '', '', '', '', '', '', '', 'tecnologia@se.sebrae.com.br', '', 1),
	(19, 'vin', '', 'CGC 12.850.145/0001-60   ', '', 'insento', 'Rua 15 Novembro  292 Caruaru', '', '', '49050-290', '8121031644', '', '', '', 'OBS Valor da Linha R$ 6,10', 1),
	(20, 'Taxista Naldo', '', '', '', '', '', '', '', '', '9973-7474', '', '', '', '', 1),
	(21, 'Naldo( Taxista)', '', '', '', '', '', '', '', '', '9973-7474', '', '', '', '', 1),
	(22, 'Linhas Setta ', '', 'Keilaine', '', '', '', '', '', '     -', '08001-7080', '11434-3150', '     -', '', '0800170800', 1),
	(23, 'Texto Pronto', '', 'Ranecale  ', '', '', '', '', '', '', '3211-2374/', '', '', '', '3221-5005  \r\n  \r\n\r\n50 Blocos para Clientes R$ 150,00\r\n50 Blocos  Recibos        R$ 260,00\r\n', 1),
	(24, 'Taxista Tobias Barreto', '', 'Deogenes', '', '', '', '', '', '', '9999-7417', '', '', '', 'valor R$ 15,00\r\n\r\n\r\nobs ADELMO 9935-8329', 1),
	(25, 'Fiorella', '', 'Graça', '', '', '', '', '', '     -', '11471-8800', '     -', '     -', '', 'Alice  ( Nova Vendedora)\r\nFiorella Produtos Têxteis Ltda\r\n\r\n04/11/2016\r\nBDO80   | Gramatura 45 - R$ 1,32\r\nBDO102 | Gramatura 55 - R$ 1,62\r\nBDO105 | Gramatura 55 - R$ 1,84\r\nPEDIDO: BDO102  Em 27/07/2017 900m x 1,652 (R$1.486,80)', 1),
	(26, 'PAULO CÉZAR  ', '', '', '', '', '', '', '', '', '9925-8090', '', '', '', 'LIMPEZA DA HP R$ 50,00', 1),
	(27, 'tapete Giroestoque', 'Alberto', '', '', '', '', '', '', '', '99744102', '', '', '88280546', '', 1),
	(28, 'muck ', 'Júnio', '', '', '', 'foiguentrasporto magna para outra loja', '', '', '', '99639741', '', '', '', '', 1),
	(29, 'casa das tintas', '', '', '', '', '', '', '', '', '32177447', '', '', '', '', 1),
	(30, 'Asilo dos Azuleijos', '', '', '', '', '', '', '', '', '32591971', '', '', '', '', 1),
	(31, 'Casa da Eletricidade', '', '', '', '', '', '', '', '', '32111010', '', '', '', '', 1),
	(32, 'Mel Das Acacias 3,20 cada', '', '', '', '', '', '', '', '', '32172194', '', '', '99870289', '', 1),
	(33, 'Sob Medida cortinas', 'Paula', '', '', '', '', '', '', '', '32146424', '', '', '32112152', '', 1),
	(34, 'Porta de vidro Vinnus', 'Fernanda', '', '', '', '', '', '', '', '3211-9817', '', '', '', '', 1),
	(35, 'Andaimes G dias', '', '', '', '', '', '32311144', '', '', '30411856', '', '', '', '', 1),
	(36, 'fechadura Automatica', '', '', '', '', '', '', '', '', '32491730', '', '', '', '', 1),
	(37, 'Ponto da Refrigeracao ar conticiomado', 'Iracy', '', '', '', '', '', '', '', '33025726', '', '', '', '', 1),
	(38, 'innova    Compra de Cadeiras', 'Sheila', '', '', '', '', '', '', '', '32472067', '', '', '', '', 1),
	(39, 'Marcom Compra de soleira', '', '', '', '', '', '', '', '', '32491070', '', '', '32491431', '', 1),
	(40, 'Extintores', '', '', '', '', '', '', '', '', '32153030', '', '', '32153100', '', 1),
	(41, 'sacel', '', 'Lucia', '', '', '', 'São Cristovão', 'SE', '     -', ' 3257-8800', '     -', '     -', '', 'Cria senha: envia email para lucia.sacel@outlook.com com nome e contato', 1),
	(42, 'Diviarte', '', '', '', '', '', '', '', '', '32146050', '', '', '', '', 1),
	(43, 'Diviarde  Pregar  Joseval', '', '', '', '', '', '', '', '', '91915789', '', '', '', '', 1),
	(44, 'Jacaré', '', '', '', '', '', '', '', '', '9987-8977', '', '', '', '', 1),
	(45, 'napa', '', '', '', '', '', 'Belo Horizonte', '', '', '3132953102 ', '', '', '', 'Compro Sempre 400 Agulhas  ', 1),
	(46, 'Faixas Antonio', '', '', '', '', 'rua itaporanga 848 centro', 'Aracaju', '', '', '98352546', '', '', '41413672', '', 1),
	(48, 'Faixas Antônio', '', '', '', '', '', '', '', '', '', '', '', '', '9835-2546/4141-3672\r\n\r\nMedida 4m a 4,5 medida ideal', 1),
	(50, 'faixas Antônio', '', '', '', '', '', '', '', '', '', '', '', '', '9835-2546/4141-3672 \r\nRua Itaporanga 848, Centro', 1),
	(51, 'Ita Plast', '', 'Murilo', '', '', '', '', '', '     -', '     -', '     -', '     -', '', '99974-1149 Murilo', 1),
	(52, 'Bolsas', 'Vendedor', 'Murilo', '', '', '', '9974-1149', '', '', '3431-0234', '', '', 'Itaplast@infonet.com.br', 'Valorpor Kilo R$23,90  Compra Feita dia02/052013', 1),
	(53, 'SOFA Linsofa ', '', 'junio ou Adeildes', '', '', '', '', '', '', '32130105', '', '', '', '', 1),
	(54, 'Duplichaves', '', '', '', '', 'Rua Laranjeiras 339 Centro98158548', '', '', '', '32141320', '', '', 'duplichaves@uol.com.br', '', 1),
	(55, 'Bolos Ana Angelica', '', '', '', '', 'Rua 41, conj  JK Jabotiana', '', '', '', '32471973', '', '', '', '', 1),
	(56, 'Lenilsa funcinária', '', '', '', '', '', '', '', '', '', '', '', '', '9825-8993/8823-5118', 1),
	(57, 'Elaniê Funcinária', '', '', '', '', '', '', '', '', '', '', '', '', '9983-7733', 1),
	(58, 'Gardênia', '', '', '', '', '', '', '', '', '', '', '', '', '9940-2989', 1),
	(59, 'fernando', '', '', '', '', '', '', '', '', '', '', '', '', '9607-4894', 1),
	(60, 'ferman', '', '', '', '', '', '', '', '', '', '', '', '', '9600-9285', 1),
	(61, 'Joelma', '', '', '', '', '', '', '', '', '', '', '', '', '9605-7103', 1),
	(62, 'Telhado', '', '', '', '', '', '', '', '', '', '', '', '', '9942-4934 Jamilton', 1),
	(63, 'Linhas Caruaru ( Elza Liz)', '', '', '', '', '', '', '', '', '', '', '', '', 'FONE PRA CONTATO 8137222339\r\n801 30951601 \r\nCELULAR CLARO 94899087 99814811 TODOS CLARO\r\nTIM 081 98506996\r\n\r\n\r\nelzaliz_@hotmail.com', 1),
	(64, 'Napa( Amazonas Decoração)', '', 'Dinna', '', '', '', '', '', '', '', '', '', '', '3022-2120(Naylon)', 1),
	(65, 'Chocolate', '', '', '', '', '', '', '', '', '', '', '', '', '3043-1971 / 9981-8098 Rita', 1),
	(66, 'Sabonetes', '', 'Art & Essencias', '', '', '', '', '', '', '3021-3427', '', '', '', '', 1),
	(67, 'CAIXAS ( KIPLAST)', '', '', '', '', 'Rua Apulcro Mota,596', '', '', '', '3211-1865', '', '', '', '', 1),
	(68, 'TERMACO TRASNPORTADORA', '', '', '', '', '', '', '', '', '3301-4100', '', '', '', 'Elaine 98126-0406', 1),
	(69, 'o bombom', '', '', '', '', '', '', '', '', '32142698', '', '', '', '', 1),
	(70, 'Vip Cartucho', '', '', '', '', '', '', '', '', '3214-7082', '', '', '', '', 1),
	(71, 'Manutenção Eletronica Cepa', '', '', '', '', '', '', '', '', '3211-8935', '', '', '', '', 1),
	(72, 'PLACAS DE AVISO', 'REGINA', '', '', '', 'AV Gonçalo Prado Rolembergue,1372', 'ARACAJU', '', '', '', '', '', '', '3213-0778/3044-0727/3302-6713', 1),
	(73, 'Elim Artes', '', 'Elim', '', '', '', '', '', '', '3241-1662/', '', '', '', '3043-0740', 1),
	(74, 'Cartucho Max', '', '', '', '', 'Av Acrísio Cruz. 549', '', '', '     -', ' 3302-7310', '     -', '     -', '', '3302-7310', 1),
	(75, 'Adilson Máquinas', 'Vendedor', 'Vlademir', '', '', '', '', '', '', '31 3295 3102', '', '', 'veza@cavemac.com.br', 'Agulha DB X K5 10/70 - Gross Beker R$ 0,78 / un + Frete: R$ 28,29 (ago/2016)\r\nWhatsapp: 11 95138 0011', 1),
	(76, 'Cavemac', 'vendedora', 'Veza', '', '', 'Rua Newton Prado, 343 - Bom Retiro', 'São Paulo', 'SP', '01127-000', '11 21719222R220', '', '', 'veza@cavemac.com.br', '', 1),
	(77, 'CIELO', '', '', '', '', '', '', '', '', '40029111', '40025472', '', '', 'Financeiro 40025472 op. 4 - 9', 1),
	(78, 'Motoboy ', '', '', '', '', '', '', '', '', '3247-2202', '', '', '', '', 1),
	(79, 'Motoboy Miragem', '', '', '', '', '', '', '', '     -', '32413-0343', '32412-217', '99960-3977', '', '', 1),
	(80, 'Esquadria & Cia', 'Sócia', 'Roseane', '', '', 'Av. São João Batista, 421 - Ponto Novo', 'Suissa', 'SE', '     -', '79 32-5947', '     -', '     -', '', 'O técnico Claudio/79 99817-5536 foi quem consertou a porta.', 1),
	(81, 'TRANSCOMPRAS', '', 'Junior', '', '', 'Rodovia BR 235, km 4, s/n', 'Nossa S. do Socorro', 'SE', '49160-000', '31144-861', '     -', '     -', '', 'NF 34577 - Fiorella coletado 27/10/2016', 1),
	(82, 'CONTEP - Escritório de Contabilidade', '', '', '', '', '', 'Aracaju', 'SE', '', '314-2721', '99944-2721(gen)', '99921-2721(Ged)', '', 'Lindomar: 32142721(OI) / 999252721(vivo) / 99130-0696(TIM) / 99130-0696(Whatsapp)\r\nDep.Pessoal/Gedalva/Gabriela: o fixo 3214-2721 ou 99944-2721(vivo) / 99921-2721 (whatsapp)\r\n', 1),
	(83, 'Confiança Cartucho', '', '', '', '', '', '', '', '     -', ' 3043-8283', '32115-2532', '     -', '', '', 1),
	(84, 'Kalunga', '', '', '43283811018369', '', 'Av. Delmiro Gouveia, 400 - Shopping Jardins', 'Aracaju', 'SE', '     -', '     -', '     -', '     -', '', '', 1),
	(85, 'Polar Climatização', '', '', '', '', '', '', '', '     -', '98819-3166', '98801-7215', '     -', 'polar@', 'Jaciane whatsapp 8801-7215', 1),
	(86, 'Clinica dos Alicates', '', 'Marcos', '', '', 'Rua Divina Pastora, 433', 'Aracaju', 'SE', '     -', '99991-7276', '     -', '     -', '', '', 1),
	(88, 'Consmed - Saúde e  Segurança do Trabalho', '', '', '', '', 'Rua Geru, 105', '', 'SE', '49010-500', ' 3022-0001', '30244-867', '     -', '', '', 1),
	(89, 'Elizete', '', '', '', '', '', '', 'SE', '     -', '98816-1985', '     -', '     -', '', '', 1);
/*!40000 ALTER TABLE `fornecedores` ENABLE KEYS */;

-- Copiando estrutura para tabela p-med.linhas
CREATE TABLE IF NOT EXISTS `linhas` (
  `id` char(4) NOT NULL DEFAULT '0',
  `nome` varchar(20) CHARACTER SET latin1 DEFAULT NULL,
  `material_nome` varchar(9) CHARACTER SET latin1 DEFAULT NULL,
  `material_fabricante` varchar(8) CHARACTER SET latin1 DEFAULT NULL,
  `material_tipo` varchar(10) CHARACTER SET latin1 DEFAULT NULL,
  `cor` int(11) DEFAULT NULL,
  `estoque_1` int(11) DEFAULT NULL,
  `estoque_2` int(11) DEFAULT NULL,
  `minimo` int(11) DEFAULT NULL,
  `pedido` int(11) DEFAULT NULL,
  `estado` tinyint(4) DEFAULT '1',
  PRIMARY KEY (`id`) USING BTREE,
  KEY `idx_nome` (`nome`)
) ENGINE=InnoDB DEFAULT CHARSET=utf8 ROW_FORMAT=DYNAMIC;

-- Copiando dados para a tabela p-med.linhas: ~267 rows (aproximadamente)
/*!40000 ALTER TABLE `linhas` DISABLE KEYS */;
INSERT INTO `linhas` (`id`, `nome`, `material_nome`, `material_fabricante`, `material_tipo`, `cor`, `estoque_1`, `estoque_2`, `minimo`, `pedido`, `estado`) VALUES
	('1', 'Amarelo', 'Zenite', 'Zenite', '', -32768, 3, 0, 0, 0, 1),
	('1406', 'AZUL', '', 'ZENITE', '', -16760704, 0, 0, 0, 0, 1),
	('2007', 'Vermelho', '', 'Zenit', '', -65536, 4, 0, 2, 0, 1),
	('2018', 'Azul Claro', 'Zenit', 'Zenit', '', -15741200, 0, 0, 0, 0, 1),
	('2044', 'Laranja', 'Zenite', 'Zenite', '', -2528256, 6, 0, 0, 0, 1),
	('2053', 'BEGE', '', 'ZENITE', '', -128, 3, 0, 2, 0, 1),
	('2093', 'AZUL ESVERDEADO', '', 'ZENITE', '', -16712195, 0, 0, 0, 0, 1),
	('2151', 'Rosa Goiaba', '', 'Zenite', '', -26729, 0, 0, 0, 0, 1),
	('2219', 'Amarelo Claro', 'Zenite', 'Zenite', '', -128, 0, 0, 0, 0, 1),
	('2227', 'AZUL ESCURO', '', 'ZENITE', '', -16760704, 0, 0, 0, 0, 1),
	('2228', 'Verde ', '', 'Zenite', '', -16777216, 5, 0, 2, 0, 1),
	('2242', 'AZUL PISCINA', '', 'ZENITE', '', -8323073, 0, 0, 0, 0, 1),
	('2259', 'Azul', '', 'Zenite', '', -16711681, 6, 0, 0, 0, 1),
	('2587', 'Verde cana', 'Sylko', 'Corrente', '', -16722688, 0, 0, 0, 0, 1),
	('306', 'Cinza claro', 'Neon', 'Neon', '', -8355712, 0, 0, 0, 0, 1),
	('5000', 'Bege Cru', 'Lumina', 'Setta', 'poliester', -52, 5, 0, 2, 0, 1),
	('5002', 'Rosinha', 'Lumina', 'Setta', '', -14622, 4, 0, 3, 0, 1),
	('5003', 'Rosinha', 'Lumina', 'Setta', '', -20777, 8, 0, 3, 0, 1),
	('5004', 'Rosa', 'Lumina', 'Setta', '', -31551, 3, 0, 2, 0, 1),
	('5005', 'Rosa', 'Lumina', 'Setta', '', -32576, 5, 0, 3, 0, 1),
	('5006', 'Rosa escuro', 'Lumina', 'Setta', '', -4439229, 5, 0, 3, 0, 1),
	('5007', 'Vermelho', 'Lumina', 'Setta', '', -2350269, 9, 0, 3, 0, 1),
	('5009', 'Vinho', 'Lumina', 'Setta', '', -6619136, 0, 0, 0, 0, 1),
	('5010', 'Roxo Escuro', 'Lumina', 'Setta', '', -12582784, 5, 0, 0, 0, 1),
	('5011', 'Rosinha', 'Lumina', 'Setta', '', -17443, 5, 0, 0, 0, 1),
	('5012', 'Roxinho', 'Lumina', 'Setta', '', -6487985, 5, 0, 3, 0, 1),
	('5013', 'Lilás', 'Lumina', 'Setta', '', -9878870, 4, 0, 3, 0, 1),
	('5014', 'Roxo', 'Lumina', 'Setta', '', -8388480, 3, 0, 2, 0, 1),
	('5015', 'Azul', 'Lumina', 'Setta', '', -7820809, 4, 0, 3, 0, 1),
	('5016', 'Azul', 'Lumina', 'Setta', '', -10389346, 0, 0, 0, 0, 1),
	('5018', 'Azul', 'Lumina', 'Setta', '', -16670722, 10, 0, 3, 0, 1),
	('5019', 'azul', 'setta', 'Luminia', '', -16744256, 6, 0, 3, 0, 1),
	('5020', 'Azul', 'Lumina', 'Setta', '', -16759156, 13, 0, 5, 0, 1),
	('5021', 'Azul', 'Lumina', 'Setta', '', -13434778, 14, 0, 5, 0, 1),
	('5022', 'Azul', 'Lumina', 'Setta', '', -10850395, 4, 0, 0, 0, 1),
	('5023', 'Azul', 'Lumina', 'Setta', '', -16763284, 9, 0, 3, 0, 1),
	('5024', 'Azul', 'Lumina', 'Setta', '', -16777152, 4, 0, 3, 0, 1),
	('5025', 'Verdinho', 'Lumina', 'Setta', '', -3735610, 11, 0, 3, 0, 1),
	('5026', 'Verde', 'Lumina', 'Setta', '', -10374854, 6, 0, 2, 0, 1),
	('5027', 'Verde', 'Lumina', 'Setta', '', -16755968, 14, 0, 5, 0, 1),
	('5028', 'Verde', 'Lumina', 'Setta', '', -16763136, 11, 0, 5, 0, 1),
	('5029', 'Amarelo Claro', '', 'Setta', '', -128, 3, 0, 2, 0, 1),
	('5031', 'Marrom Escuro', 'Poliester', 'Setta', '', -12582912, 6, 0, 3, 0, 1),
	('5032', 'Amarelo ouro', 'Lumina', 'Setta', '', -472469, 6, 0, 2, 0, 1),
	('5034', 'Dourado', 'Lumina', 'Setta', '', -7245009, 6, 0, 1, 0, 1),
	('5035', 'Ferruge', 'Lumina', 'Setta', '', -5819647, 0, 0, 0, 0, 1),
	('5036', 'Vermelha', 'Lumina', 'Setta', '', -4835583, 2, 0, 2, 0, 1),
	('5038', 'Bege', 'Lumina', 'Setta', '', -5133676, 8, 0, 3, 0, 1),
	('5039', 'Bege', 'Poliester', 'Seta', 'Lumina', -1321557, 4, 0, 2, 0, 1),
	('5040', 'Cor da Pele', 'Lumina', 'Setta', '', -32640, 4, 0, 3, 0, 1),
	('5042', 'Marron', 'Lumina', 'Setta', '', -9094656, 8, 0, 3, 0, 1),
	('5043', 'Marron claro', 'Lumina', 'Setta', '', -8372160, 6, 0, 3, 0, 1),
	('5044', 'Marron', 'Lumina', 'Setta', '', -12046530, 9, 0, 3, 0, 1),
	('5045', 'Cinza', 'Lumina', 'Setta', '', -8286547, 7, 0, 3, 0, 1),
	('5046', 'Cinza', 'Lumina', 'Setta', '', -10786191, 4, 0, 2, 0, 1),
	('5047', 'Grafite', 'Lumina', 'Setta', '', -11910575, 6, 0, 3, 0, 1),
	('5048', 'Verde', 'Lumina', 'Setta', '', -14418741, 7, 0, 3, 0, 1),
	('5049', 'Ouro', 'Lumina', 'Setta', '', -1992118, 7, 0, 0, 0, 1),
	('5050', 'Verde Claro', 'Lumina', 'Setta', '', -9446144, 5, 0, 3, 0, 1),
	('5051', 'Amarelo 2', 'Lumina', 'Setta', '', -70911, 10, 0, 3, 0, 1),
	('5052', 'Laranja claro', 'Lumina', 'Setta', '', -219901, 18, 0, 2, 0, 1),
	('5053', 'Bege Claro', 'Poliester', 'Setta', '', -1056838, 6, 0, 3, 0, 1),
	('5054', 'Verde', 'Lumina', 'Setta', '', -16549632, 6, 0, 3, 0, 1),
	('5057', 'Pele', 'Lumina', 'Setta', '', -286076, 4, 0, 0, 0, 1),
	('5058', 'Amarelo Canário', 'Lumina', 'Setta', '', -233, 13, 0, 5, 0, 1),
	('5059', 'Lilás', 'Lumina', 'Setta', 'poliester', -2774273, 3, 0, 2, 0, 1),
	('5060', 'Verde', 'Lumina', 'Setta', '', -16744448, 4, 0, 3, 0, 1),
	('5061', 'Azul', 'Lumina', 'Setta', '', -16760704, 15, 0, 5, 0, 1),
	('5062', 'Vinho', 'Lumina', 'Setta', '', -9371648, 0, 0, 0, 0, 1),
	('5063', 'Verde', 'Lumina', 'Setta', '', -8015078, 10, 0, 3, 0, 1),
	('5064', 'Cinza', 'Lumina', 'Setta', '', -11703181, 4, 0, 2, 0, 1),
	('5066', 'vermelho escuro', 'Lumina', 'Setta', '', -2937812, 11, 0, 5, 0, 1),
	('5067', 'Verde bandeira', 'Lumina', 'Setta', '', -16736512, 5, 0, 3, 0, 1),
	('5068', 'Salmon', 'Lumina', 'Setta', '', -14708, 0, 0, 0, 0, 1),
	('5069', 'Verde', 'Lumina', 'Setta', '', -16732160, 4, 0, 3, 0, 1),
	('5070', 'Verde claro', 'Lumina', 'Setta', '', -9306708, 4, 0, 2, 0, 1),
	('5071', 'Rosa', 'Lumina', 'Setta', '', -25651, 0, 0, 0, 0, 1),
	('5072', 'Azul', 'Lumina', 'Setta', '', -16752385, 15, 0, 5, 0, 1),
	('5074', 'Marron escuro', 'Lumina', 'Setta', '', -11260884, 10, 0, 5, 0, 1),
	('5075', 'Verde', 'Setta', 'Lumina', '', -16744448, 6, 0, 5, 0, 1),
	('5076', 'Azul', 'Lumina', 'Setta', '', -6764836, 0, 0, 0, 0, 1),
	('5077', 'Cinza', 'Lumina', 'Setta', '', -7697782, 0, 0, 0, 0, 1),
	('5078', 'Vinho escuro', 'Lumina', 'Setta', '', -10223616, 5, 0, 3, 0, 1),
	('5079', 'Rosinha', 'Lumina', 'Setta', '', -16417, 0, 0, 0, 0, 1),
	('5081', 'Rosinha', 'Lumina', 'Setta', '', -8225, 0, 0, 0, 0, 1),
	('5082', 'Grafite', 'Lumina', 'Setta', '', -11117981, 2, 0, 3, 0, 1),
	('5083', 'Dourado', 'Lumina', 'Setta', '', -5466023, 5, 0, 3, 0, 1),
	('5085', 'Azul bebê', 'Lumina', 'Setta', '', -5183745, 5, 0, 3, 0, 1),
	('5086', 'Lilás', 'Lumina', 'Setta', '', -8021066, 18, 0, 3, 0, 1),
	('5087', 'Rosa + forte', 'Lumina', 'Setta', '', -3014551, 5, 0, 3, 0, 1),
	('5088', 'Verde b/ escuro', 'Lumina', 'Setta', '', -16770560, 3, 0, 3, 0, 1),
	('5089', 'Cinza', 'Lumina', 'Setta', '', -5256230, 9, 0, 3, 0, 1),
	('5091', 'Lilás', 'Lumina', 'Setta', 'poliester', -3632641, 5, 0, 3, 0, 1),
	('5093', 'Azul', 'Luimina', 'Setta', 'poliester', -12267523, 6, 0, 3, 0, 1),
	('5094', 'Laranja', 'Lumina', 'Setta', '', -491193, 9, 0, 3, 0, 1),
	('5095', 'Laranjado', 'Lumina', 'Setta', '', -32768, 6, 0, 3, 0, 1),
	('5096', 'Bege', 'Lumina', 'Setta', '', -3227981, 5, 0, 2, 0, 1),
	('5097', 'Verde aceso', 'Lumina', 'Setta', '', -4980992, 4, 0, 0, 0, 1),
	('5099', 'Luminado', 'Lumina', 'Setta', '', -765685, 5, 0, 3, 0, 1),
	('5100', 'Rosa aceso', 'Lumina', 'Setta', '', -130682, 0, 0, 0, 0, 1),
	('5101', 'Rosa forte', 'Lumina', 'Setta', '', -42580, 5, 0, 3, 0, 1),
	('5102', 'Verde aceso', 'Lumina', 'Setta', '', -16385475, 8, 0, 3, 0, 1),
	('5103', 'Luminado1', 'Lumina', 'Setta', '', -45824, 0, 0, 0, 0, 1),
	('5104', 'Rosa', 'Lumina', 'Setta', 'poliester', -47361, 4, 0, 3, 0, 1),
	('5105', 'Roxo', 'Lumina', 'Setta', '', -12582784, 8, 0, 3, 0, 1),
	('5106', 'Amarelo Creme', 'Lumina', 'Setta', '', -78453, 7, 0, 3, 0, 1),
	('5107', 'Verde Musgo', 'Lumina', 'Setta', '', -10792945, 3, 0, 2, 0, 1),
	('5108', 'Roxo', 'Lumina', 'Setta', '', -16777088, 3, 0, 2, 0, 1),
	('5109', 'Uva', 'Lumina', 'Setta', '', -8388480, 5, 0, 2, 0, 1),
	('5110', 'Lilás Claro', '', '', '', -8355648, 4, 0, 3, 0, 1),
	('5111', 'Marron', '', 'Lumina', '', -8388608, 5, 0, 3, 0, 1),
	('5113', 'Quase branco', 'Lumina', 'Setta', '', -983056, 8, 0, 3, 0, 1),
	('5114', 'Grafite', 'Lumina', 'Setta', '', -9145970, 8, 0, 3, 0, 1),
	('5115', 'Azul Royal', 'Lumina', 'Setta', '', -16777076, 8, 0, 10, 0, 1),
	('5116', 'laranja', 'setta', 'Lumina', '', -32704, 6, 0, 3, 0, 1),
	('5118', 'Verde', 'Lumina', 'Setta', '', -13071855, 6, 0, 2, 0, 1),
	('5120', 'Caque', 'Lumina', 'Setta', '', -16256, 8, 0, 3, 0, 1),
	('5121', 'Azul Marinho', 'Lumina', 'Setta', '', -16777114, 12, 0, 5, 0, 1),
	('5122', 'Rosa baby', 'Lumina', 'Setta', '', -24673, 3, 0, 0, 0, 1),
	('5123', 'Rosa', 'Lumina', 'Setta', '', -111359, 0, 0, 0, 0, 1),
	('5124', 'Verde acinzentado', 'Lumina', 'Setta', '', -8156300, 5, 0, 3, 0, 1),
	('5126', 'Azul', 'Lumina', 'Setta', '', -12147713, 6, 0, 3, 0, 1),
	('5127', 'Azul', 'Lumina', 'Setta', '', -16760704, 8, 0, 3, 0, 1),
	('5128', 'Dourado', 'Lumina', 'Setta', '', -8296950, 12, 0, 5, 0, 1),
	('5129', 'Rosinha', 'Lumina', 'Setta', '', -13622, 0, 0, 0, 0, 1),
	('5130', 'Quase branco', 'Lumina', 'Setta', '', -4884, 7, 0, 3, 0, 1),
	('5131', 'Azulzinho', 'Lumina', 'Setta', '', -4395778, 4, 0, 3, 0, 1),
	('5132', 'Amarelo bem Claro', 'Lumina', 'Setta', '', -26, 13, 0, 3, 0, 1),
	('5133', 'Azul', 'Lumina', 'Setta', '', -16747864, 6, 0, 3, 0, 1),
	('5134', 'Azul', 'Lumina', 'Setta', '', -12229734, 18, 0, 3, 0, 1),
	('5135', 'Azul', 'Lumina', 'Setta', '', -10384211, 11, 0, 3, 0, 1),
	('5136', 'Azul', 'Lumina', 'Setta', 'Poliester', -16678466, 10, 0, 3, 0, 1),
	('5137', 'Cinza', 'Lumina', 'Setta', '', -11377013, 16, 0, 5, 0, 1),
	('5138', 'Azul', 'Lumina', 'Setta', '', -11169101, 8, 0, 3, 0, 1),
	('5139', 'Azul', 'Lumina', 'Seta', 'Poliester', -4596481, 8, 0, 3, 0, 1),
	('5140', 'Azul', 'Lumina', 'Setta', '', -5513218, 7, 0, 3, 0, 1),
	('5141', 'Azul', 'Lumina', 'Setta', '', -16777118, 0, 0, 2, 0, 1),
	('5143', 'Azul', 'Lumina', 'Setta', '', -16755286, 9, 0, 3, 0, 1),
	('5144', 'Azul', 'Lumina', 'Setta', '', -16777080, 5, 0, 3, 0, 1),
	('5147', 'Azul', 'Lumina', 'Setta', '', -16742714, 5, 0, 3, 0, 1),
	('5148', 'Azul', 'Lumina', 'Setta', '', -10523744, 8, 0, 3, 0, 1),
	('5149', 'Cinza', 'Lumina', 'Setta', '', -12169364, 8, 0, 5, 0, 1),
	('5151', 'Cinza', 'Lumina', 'Setta', '', -7168597, 10, 0, 5, 0, 1),
	('5152', 'Cinza escuro', 'Lumina', 'Setta', '', -11379854, 0, 0, 0, 0, 1),
	('5154', 'Grafite', 'Lumina', 'Setta', '', -12697773, 0, 0, 0, 0, 1),
	('5156', 'Azul', 'Lumina', 'Setta', '', -10322275, 0, 0, 0, 0, 1),
	('5157', 'Ouro Claro2', 'Lumina', 'Setta', '', -1072048, 5, 0, 3, 0, 1),
	('5158', 'Ouro Claro', 'Lumina', 'Setta', '', -282586, 10, 0, 5, 0, 1),
	('5160', 'Amarelo Claro', 'Lumina', 'Setta', '', -128, 5, 0, 2, 0, 1),
	('5161', 'Cor de pele', 'Lumina', 'Setta', '', -12594, 3, 0, 2, 0, 1),
	('5163', 'Cor de pele1', 'Lumina', 'Setta', '', -17991, 7, 0, 3, 0, 1),
	('5164', 'Pele', 'Lumina', 'Setta', '', -32640, 0, 0, 0, 0, 1),
	('5168', 'vermelho', 'SETTA', 'LUMINA', '', -196608, 4, 0, 3, 0, 1),
	('5169', 'Vinho claro', 'Lumina', 'Setta', '', -7274424, 0, 0, 0, 0, 1),
	('5170', 'Vinho escuro', 'Lumina', 'Setta', '', -11468760, 4, 0, 3, 0, 1),
	('5171', 'Vinho', 'Lumina', 'Setta', 'poliester', -6550462, 3, 0, 2, 0, 1),
	('5173', 'Vinho', 'Lumina', 'Setta', '', -8388544, 15, 0, 3, 0, 1),
	('5175', 'Verde', 'Poliester', 'Setta', '', -16727615, 6, 0, 3, 0, 1),
	('5176', 'Cinza Claro', 'Lumina', 'Setta', '', -8748667, 7, 0, 2, 0, 1),
	('5177', 'Verde quase branco', 'Lumina', 'Setta', '', -3342388, 3, 0, 2, 0, 1),
	('5178', 'Verde', 'Lumina', 'Setta', '', -14959049, 5, 0, 3, 0, 1),
	('5180', 'Verde', 'Lumina', 'Setta', '', -8672732, 5, 0, 3, 0, 1),
	('5182', 'Grafite', 'Lumina', 'Setta', '', -8163185, 0, 0, 0, 0, 1),
	('5183', 'Roxo', 'Lumina', 'Setta', '', -11206571, 5, 0, 2, 0, 1),
	('5186', 'Dourado', 'Lumina', 'Setta', '', -8355776, 8, 0, 3, 0, 1),
	('5187', 'Cinza claro', 'Lumina', 'Setta', '', -7430746, 6, 0, 3, 0, 1),
	('5189', 'Bege', 'Lumina', 'Setta', '', -7106955, 10, 0, 0, 0, 1),
	('5190', 'Bege', 'Lumina', 'Setta', '', -2113633, 4, 0, 0, 0, 1),
	('5193', 'Amarelo Ovo', 'Lumina', 'Setta', '', -204507, 9, 0, 3, 0, 1),
	('5194', 'bege', '', 'setta', 'polieste', -266542, 5, 0, 3, 0, 1),
	('5195', 'Caque', 'Lumina', 'Setta', '', -11320021, 13, 0, 3, 0, 1),
	('5197', 'vermelho clarinho', 'Lumina', 'Setta', '', -114431, 9, 0, 3, 0, 1),
	('5199', 'Vermelho', 'Lumina', 'Setta', '', -1958607, 9, 0, 3, 0, 1),
	('5200', 'Creme', 'Lumina', 'Setta', 'poliester', -2302792, 5, 0, 3, 0, 1),
	('5201', 'Rosinha', 'Lumina', 'Setta', '', -10261, 5, 0, 3, 0, 1),
	('5202', 'Quase branco', 'Lumina', 'Setta', '', -4875, 5, 0, 3, 0, 1),
	('5203', 'Caque', 'Lumina', 'Setta', '', -5604011, 8, 0, 3, 0, 1),
	('5204', 'Caque', 'Lumina', 'Setta', '', -4160705, 7, 0, 3, 0, 1),
	('5205', 'Bege', 'Lumina', 'Setta', '', -4934476, 4, 0, 2, 0, 1),
	('5208', 'Vermelho', '', 'Setta', '', -65536, 12, 0, 5, 0, 1),
	('5211', 'Rosa', 'Lumina', 'Setta', '', -22874, 0, 0, 0, 0, 1),
	('5212', 'Salmon', 'Lumina', 'Setta', '', -32640, 4, 0, 1, 0, 1),
	('5213', 'Rosa Claro', '', '', '', -14650, 5, 0, 3, 0, 1),
	('5214', 'Creme', 'Lumina', 'Setta', 'poliester', -2042436, 10, 0, 3, 0, 1),
	('5215', 'vermelho', 'Lumina', 'Setta', '', -65536, 6, 0, 3, 0, 1),
	('5216', 'Quase vermelho', 'Lumina', 'Setta', '', -377595, 0, 0, 0, 0, 1),
	('5217', 'Rosa', 'Lumina', 'Setta', '', -32576, 4, 0, 3, 0, 1),
	('5218', 'Azulzinho', 'Lumina', 'Setta', '', -6828035, 4, 0, 3, 0, 1),
	('5219', 'Quase branco', 'Lumina', 'Setta', '', -1644826, 5, 0, 2, 0, 1),
	('5220', 'Rosa', 'Lumina', 'Setta', '', -3003029, 0, 0, 0, 0, 1),
	('5221', 'Caque claro', 'Lumina', 'Setta', '', -7175839, 7, 0, 3, 0, 1),
	('5224', 'Verde claro', 'Lumina', 'Setta', 'poliester', -3878719, 4, 0, 2, 0, 1),
	('5226', 'Amarelo', 'Lumina', 'Setta', 'poliester', -19610, 3, 0, 2, 0, 1),
	('5233', 'Cinza', 'Lumina', 'Setta', 'poliester', -5592406, 4, 0, 2, 0, 1),
	('5251', 'Rosa goiaba', 'Poliester', 'Setta', '', -1015680, 5, 0, 3, 0, 1),
	('5253', 'Cinza', 'Lumina', 'Setta', 'poliester', -7368817, 5, 0, 3, 0, 1),
	('5263', 'Verde', 'Poliester', 'Setta', '', -16726429, 4, 0, 3, 0, 1),
	('5264', 'Creme', 'Lumina', 'Setta', 'poliester', -2434378, 4, 0, 3, 0, 1),
	('5265', 'Salmon', 'Poliester', 'Setta', '', -16443, 3, 0, 2, 0, 1),
	('5272', 'Azulzinho', '', 'setta', '', -8355585, 7, 0, 3, 0, 1),
	('5284', 'Azul', 'Sylko', 'Corrente', '', -16628299, 0, 0, 2, 0, 1),
	('5285', 'Verde', 'Lumina', 'Setta', 'poliester', -13188533, 3, 0, 3, 0, 1),
	('5286', 'Roxo', 'Lumina', 'Setta', 'Poliester', -12451708, 6, 0, 3, 0, 1),
	('5289', 'Cinza', 'Lumina', 'Setta', 'poliester', -4142639, 5, 0, 3, 0, 1),
	('5294', 'Prata', 'Poliester', 'Setta', 'Lumina', -4144960, 2, 0, 1, 0, 1),
	('5296', 'Cinza', 'Lumina', 'Setta', 'Poliester', -5458002, 8, 0, 3, 0, 1),
	('5300', 'Bege Clara', 'Lumina', 'Setta', '', -679287, 4, 0, 3, 0, 1),
	('5304', 'Verde Claro', '', 'Lumina', 'poliester', -7996722, 7, 0, 2, 0, 1),
	('5310', 'Branco', 'Lumina', 'Setta', '', -1, 16, 0, 10, 0, 1),
	('5311', 'Preto', 'Lumina', 'Setta', '', -16777216, 21, 0, 10, 0, 1),
	('5312', 'Azul', 'Lumina', 'Setta', '', -9443075, 5, 0, 3, 0, 1),
	('5313', 'Azul', 'Lunima', 'seta', '', -12550016, 6, 0, 3, 0, 1),
	('5317', 'Cinza', 'Poliester', 'Setta', '', -4144960, 9, 0, 3, 0, 1),
	('5318', 'Verde Escuro', 'LUMINA', 'SETTA', '', -16760832, 4, 0, 2, 0, 1),
	('5319', 'Amarelo Claro', 'Lumina', 'Setta', '', -1193602, 4, 0, 2, 0, 1),
	('5347', 'Laranja escuro', 'Lumina', 'Setta', '', -3709128, 5, 0, 3, 0, 1),
	('5350', 'Lilás', 'Lumina', 'Setta', '', -4235574, 3, 0, 1, 0, 1),
	('5366', 'Quase branco', 'Lumina', 'Setta', '', -1447447, 6, 0, 3, 0, 1),
	('5368', 'Verde', 'Lumina', 'Setta', '', -8323328, 5, 0, 2, 0, 1),
	('5371', 'Cor de pele escura', 'Lumina', 'Setta', '', -2133406, 0, 0, 0, 0, 1),
	('5373', 'Lilás claro', 'Lumina', 'Setta', '', -2906150, 12, 0, 3, 0, 1),
	('5375', 'Salmon', 'Lumina', 'Setta', '', -13389, 0, 0, 0, 0, 1),
	('5454', 'rosa', '', 'setta', 'polieste', -13596, 6, 0, 3, 0, 1),
	('5529', 'Lilás', 'Lumina', 'Setta', 'Poliester', -6773252, 5, 0, 3, 0, 1),
	('5546', 'Azul', 'Lumina', 'Setta', 'Poliester', -11707981, 4, 0, 2, 0, 1),
	('5547', 'Cinza', 'Lumina', 'Setta', '', -12171706, 7, 0, 3, 0, 1),
	('5579', 'Bege Claro', 'Poliester', 'Setta', '', -203831, 5, 0, 3, 0, 1),
	('5582', 'rosa forte', '', 'setta', 'polieste', -2994281, 3, 0, 1, 0, 1),
	('5587', 'Prata Escuro', 'Poliester', 'Setta', 'Lumina', -4144960, 3, 0, 0, 0, 1),
	('5593', 'Verde Escuro', 'Poliester', 'Setta', 'Lumina', -14857713, 5, 0, 2, 0, 1),
	('5619', 'Azul Claro', '', 'Setta', '', -8323073, 5, 0, 2, 0, 1),
	('6001', 'Dourado Metálico', 'Metálico', 'Setta', 'Lumina', -64, 1, 0, 1, 0, 1),
	('6003', 'Cinza Metálico', 'Metálico', 'Setta', 'Lumina', -4144960, 1, 0, 1, 0, 1),
	('7014', 'Lilás', 'Sylko', 'Corrente', '', -10223516, 0, 0, 0, 0, 1),
	('7018', 'Azul Claro', 'Sylko', 'Corrente', '', -16711681, 0, 0, 0, 0, 1),
	('7019', 'Azul Royal', 'Sylko', 'Corrente', '', -16776961, 0, 0, 0, 0, 1),
	('7020', 'Azul', 'Sylko', 'Corrente', '', -16776961, 0, 0, 0, 0, 1),
	('7029', 'Amarelo Claro', 'Sylko', 'Corrente', '', -71, 0, 0, 0, 0, 1),
	('7034', 'Olho de Tigre', 'Sylko', 'Corrente', '', -3907072, 0, 0, 0, 0, 1),
	('7036', 'Caramelo', 'Sylko', 'Corente', '', -3441868, 0, 0, 0, 0, 1),
	('7042', 'Cobre', 'Sylko', 'Corrente', '', -8372224, 0, 0, 0, 0, 1),
	('7043', 'Marrom', 'Dalila', 'Corrente', '', -8372224, 0, 0, 0, 0, 1),
	('7045', 'Cinza Claro', 'Sylko', 'Corrente', '', -2960686, 0, 0, 0, 0, 1),
	('7048', 'Verde', '', '', '', -4063295, 0, 0, 0, 0, 1),
	('7049', 'Amarelo Ouro', 'Sylko', 'Corrente', '', -25792, 0, 0, 0, 0, 1),
	('7051', 'Amarelo', 'Sylko', 'Corrente', '', -90, 0, 0, 0, 0, 1),
	('7052', 'Laranja', 'Sylco', 'Corrente', '', -32768, 0, 0, 0, 0, 1),
	('7063', 'Verde Abacate', 'Sylko', 'Corrente', '', -16589440, 0, 0, 0, 0, 1),
	('7067', 'Verde Claro', 'Sylko', 'Corrente', '', -16727040, 0, 0, 0, 0, 1),
	('7084', 'Salmon', 'Sylko', 'Corrente', '', -21372, 0, 0, 0, 0, 1),
	('7086', 'Lilás', 'Sylko', 'Corrente', '', -32513, 0, 0, 0, 0, 1),
	('7114', 'Caque', 'Sylco', 'Corrente', '', -9344186, 0, 0, 0, 0, 1),
	('785', 'Azul marinho', 'Dalila', '', '', -16777088, 0, 0, 0, 0, 1),
	('796', 'Laranja', '', '', '', -338363, 0, 0, 0, 0, 1),
	('800', 'VERDE LIMÃO', '', 'ZENITE', '', -16711936, 1, 0, 0, 0, 1),
	('817', 'Azul claro', 'Dalila', 'Dalila', '', -16744193, 0, 0, 0, 0, 1),
	('818', 'Azul claro', 'Dalila', 'Dalila', '', -12016385, 0, 0, 0, 0, 1),
	('829', 'Marfim', 'Dalila', 'Dalila', '', -660049, 0, 0, 0, 0, 1),
	('833', 'Amarelo Queimado', '', 'Dalila', 'Poliester', -28839, 0, 0, 0, 0, 1),
	('834', 'Amarronsado', 'Dalila', '', '', -2134016, 0, 0, 0, 0, 1),
	('835', 'Mel', 'Dalila', 'Dalila', '', -1012213, 0, 0, 0, 0, 1),
	('836', 'Telha', 'Dalila', 'Dalila', '', -8241602, 0, 0, 0, 0, 1),
	('84', 'Azul claro', 'Sylko', 'Corrente', '', -10325776, 0, 0, 0, 0, 1),
	('840', 'Rosinha', '', '', '', -138036, 0, 0, 0, 0, 1),
	('848', 'Verde', 'Dalila', 'Corrente', '', -8323073, 0, 0, 0, 0, 1),
	('853', 'Marfim', '', '', '', -63, 0, 0, 0, 0, 1),
	('8880', 'Bege', 'Zenite', 'Zenite', '', -5668266, 2, 0, 0, 0, 1);
/*!40000 ALTER TABLE `linhas` ENABLE KEYS */;

-- Copiando estrutura para tabela p-med.migrations
CREATE TABLE IF NOT EXISTS `migrations` (
  `version` bigint(20) NOT NULL,
  `migration_name` varchar(100) DEFAULT NULL,
  `start_time` timestamp NOT NULL DEFAULT CURRENT_TIMESTAMP,
  `end_time` timestamp NOT NULL DEFAULT CURRENT_TIMESTAMP,
  `breakpoint` tinyint(1) NOT NULL DEFAULT '0',
  PRIMARY KEY (`version`) USING BTREE
) ENGINE=InnoDB DEFAULT CHARSET=utf8 ROW_FORMAT=COMPACT;

-- Copiando dados para a tabela p-med.migrations: ~11 rows (aproximadamente)
/*!40000 ALTER TABLE `migrations` DISABLE KEYS */;
INSERT INTO `migrations` (`version`, `migration_name`, `start_time`, `end_time`, `breakpoint`) VALUES
	(20190302092540, 'AdminMenu', '2020-04-26 13:44:30', '2020-04-26 13:44:30', 0),
	(20190302094849, 'AdminUser', '2020-04-26 13:44:30', '2020-04-26 13:44:30', 0),
	(20190302094853, 'AdminLog', '2020-04-26 13:44:30', '2020-04-26 13:44:30', 0),
	(20190302094933, 'AdminRole', '2020-04-26 13:44:30', '2020-04-26 13:44:30', 0),
	(20190312021143, 'AdminLogData', '2020-04-26 13:44:30', '2020-04-26 13:44:30', 0),
	(20190518030432, 'Attachment', '2020-04-26 13:44:30', '2020-04-26 13:44:30', 0),
	(20190615081122, 'User', '2020-04-26 13:44:30', '2020-04-26 13:44:31', 0),
	(20190822082112, 'UserLevel', '2020-04-26 13:44:31', '2020-04-26 13:44:31', 0),
	(20191001081329, 'Setting', '2020-04-26 13:44:31', '2020-04-26 13:44:31', 0),
	(20191001081340, 'SettingGroup', '2020-04-26 13:44:31', '2020-04-26 13:44:31', 0),
	(20191012005355, 'Test', '2020-04-26 13:44:31', '2020-04-26 13:44:31', 0);
/*!40000 ALTER TABLE `migrations` ENABLE KEYS */;

-- Copiando estrutura para tabela p-med.paciente
CREATE TABLE IF NOT EXISTS `paciente` (
  `id` int(5) unsigned NOT NULL AUTO_INCREMENT,
  `nome` varchar(120) CHARACTER SET latin1 NOT NULL,
  `email` varchar(60) CHARACTER SET latin1 DEFAULT NULL,
  `telefone` varchar(40) CHARACTER SET latin1 DEFAULT NULL,
  `logradoro` varchar(100) CHARACTER SET latin1 DEFAULT NULL,
  `numero` varchar(9) CHARACTER SET latin1 DEFAULT NULL,
  `bairro` varchar(40) DEFAULT NULL,
  `municipio` varchar(40) CHARACTER SET latin1 DEFAULT NULL,
  `uf` varchar(2) CHARACTER SET latin1 DEFAULT NULL,
  `cep` varchar(10) CHARACTER SET latin1 DEFAULT NULL,
  `sexo` char(1) DEFAULT 'M',
  `nascimento` int(11) NOT NULL DEFAULT '0',
  `altura` int(11) NOT NULL DEFAULT '0',
  `peso` decimal(3,1) DEFAULT NULL,
  `imagem` varchar(60) CHARACTER SET latin1 DEFAULT NULL,
  `criado_em` int(11) unsigned NOT NULL DEFAULT '0' COMMENT 'hora da criação',
  `alterado_em` int(11) unsigned NOT NULL DEFAULT '0' COMMENT 'hora da alteração',
  `no_selecionado` int(11) unsigned NOT NULL DEFAULT '0',
  `estado` tinyint(4) DEFAULT '1',
  PRIMARY KEY (`id`) USING BTREE
) ENGINE=InnoDB AUTO_INCREMENT=8 DEFAULT CHARSET=utf8 ROW_FORMAT=DYNAMIC;

-- Copiando dados para a tabela p-med.paciente: ~0 rows (aproximadamente)
/*!40000 ALTER TABLE `paciente` DISABLE KEYS */;
/*!40000 ALTER TABLE `paciente` ENABLE KEYS */;

-- Copiando estrutura para tabela p-med.setting
CREATE TABLE IF NOT EXISTS `setting` (
  `id` int(11) NOT NULL AUTO_INCREMENT,
  `setting_group_id` int(10) NOT NULL DEFAULT '0' COMMENT '所属分组',
  `name` varchar(50) COLLATE utf8mb4_unicode_ci NOT NULL DEFAULT '' COMMENT '名称',
  `description` varchar(100) COLLATE utf8mb4_unicode_ci NOT NULL DEFAULT '' COMMENT '描述',
  `code` varchar(50) COLLATE utf8mb4_unicode_ci NOT NULL DEFAULT '' COMMENT '代码',
  `content` text COLLATE utf8mb4_unicode_ci NOT NULL COMMENT '设置配置及内容',
  `sort_number` int(10) NOT NULL DEFAULT '1000' COMMENT '排序',
  `create_time` int(10) NOT NULL DEFAULT '0' COMMENT '创建时间',
  `update_time` int(10) NOT NULL DEFAULT '0' COMMENT '更新时间',
  `delete_time` int(10) NOT NULL DEFAULT '0' COMMENT '删除时间',
  PRIMARY KEY (`id`) USING BTREE
) ENGINE=InnoDB AUTO_INCREMENT=4 DEFAULT CHARSET=utf8mb4 COLLATE=utf8mb4_unicode_ci ROW_FORMAT=COMPACT COMMENT='Configurações';

-- Copiando dados para a tabela p-med.setting: ~3 rows (aproximadamente)
/*!40000 ALTER TABLE `setting` DISABLE KEYS */;
INSERT INTO `setting` (`id`, `setting_group_id`, `name`, `description`, `code`, `content`, `sort_number`, `create_time`, `update_time`, `delete_time`) VALUES
	(1, 1, 'configurações básicas', 'Configurações de informações básicas de plano de fundo', 'base', '[{"Name":"Nome","Field":"name","Type":"text","Content":"Prontuário Médico","Option":"","Form":""},{"Name":"Abreviação de plano ","Field":"short_name","Type":"text","Content":"p-med","Option":"","Form":""},{"Name":"Autor","Field":"author","Type":"text","Content":"José Alves","Option":"","Form":""},{"Name":"versão de back-end","Field":"version","Type":"text","Content":"1.0","Option":"","Form":""}]', 1000, 1587879871, 1596008207, 0),
	(2, 1, 'Configurações de login', 'Configurações relacionadas ao login em segundo plano', 'login', '[{"Name":"Verificação do token","Field":"token","Type":"switch","Content":"1","Option":"","Form":""},{"Name":"Código de verificação","Field":"captcha","Type":"select","Content":"0","Option":"0||não usar\\r\\n1||CAPTCHA","Form":""},{"Name":"fundo de login","Field":"background","Type":"image","Content":"/static/uploads/attachment/85040737-23e4-4d2e-9c32-f021f6760361.jpg","Option":"","Form":""}]', 1, 1587879871, 1595556703, 0),
	(3, 1, 'Configurações iniciais', 'Configuração de parâmetros da home', 'index', '[{"Name":"Aviso de senha padrão","Field":"password_warning","Type":"switch","Content":"1","Option":"","Form":""},{"Name":"Se deve exibir informações imediatas","Field":"show_notice","Type":"switch","Content":"1","Option":"","Form":""},{"Name":"Conteúdo das informações imediatas","Field":"notice_content","Type":"text","Content":"Bem-vindo ao uso deste sistema, com a área de menu à esquerda e a área funcional à direita.","Option":"","Form":""}]', 1, 1587879871, 1596008219, 0);
/*!40000 ALTER TABLE `setting` ENABLE KEYS */;

-- Copiando estrutura para tabela p-med.setting_group
CREATE TABLE IF NOT EXISTS `setting_group` (
  `id` int(11) NOT NULL AUTO_INCREMENT,
  `module` varchar(30) COLLATE utf8mb4_unicode_ci NOT NULL DEFAULT '' COMMENT '作用模块',
  `name` varchar(50) COLLATE utf8mb4_unicode_ci NOT NULL DEFAULT '' COMMENT '名称',
  `description` varchar(100) COLLATE utf8mb4_unicode_ci NOT NULL DEFAULT '' COMMENT '描述',
  `code` varchar(50) COLLATE utf8mb4_unicode_ci NOT NULL DEFAULT '' COMMENT '代码',
  `sort_number` int(10) NOT NULL DEFAULT '1000' COMMENT '排序',
  `auto_create_menu` tinyint(1) NOT NULL DEFAULT '0' COMMENT '自动生成菜单',
  `auto_create_file` tinyint(1) NOT NULL DEFAULT '0' COMMENT '自动生成配置文件',
  `icon` varchar(30) COLLATE utf8mb4_unicode_ci NOT NULL DEFAULT 'fa-list' COMMENT '图标',
  `create_time` int(10) NOT NULL DEFAULT '0' COMMENT '创建时间',
  `update_time` int(10) NOT NULL DEFAULT '0' COMMENT '更新时间',
  `delete_time` int(10) NOT NULL DEFAULT '0' COMMENT '删除时间',
  PRIMARY KEY (`id`) USING BTREE
) ENGINE=InnoDB AUTO_INCREMENT=2 DEFAULT CHARSET=utf8mb4 COLLATE=utf8mb4_unicode_ci ROW_FORMAT=COMPACT COMMENT='\r\nGrupo separado';

-- Copiando dados para a tabela p-med.setting_group: ~0 rows (aproximadamente)
/*!40000 ALTER TABLE `setting_group` DISABLE KEYS */;
INSERT INTO `setting_group` (`id`, `module`, `name`, `description`, `code`, `sort_number`, `auto_create_menu`, `auto_create_file`, `icon`, `create_time`, `update_time`, `delete_time`) VALUES
	(1, 'admin', 'Configurações', 'Configurações de gerenciamento em segundo plano', 'admin', 1000, 1, 1, 'fa-adjust', 1587879871, 1587879871, 0);
/*!40000 ALTER TABLE `setting_group` ENABLE KEYS */;

-- Copiando estrutura para tabela p-med.user
CREATE TABLE IF NOT EXISTS `user` (
  `id` int(11) NOT NULL AUTO_INCREMENT,
  `avatar` varchar(255) COLLATE utf8mb4_unicode_ci NOT NULL DEFAULT '/static/index/images/avatar.png' COMMENT '头像',
  `username` varchar(30) COLLATE utf8mb4_unicode_ci NOT NULL DEFAULT '' COMMENT '用户名',
  `nickname` varchar(30) COLLATE utf8mb4_unicode_ci NOT NULL DEFAULT '' COMMENT '昵称',
  `mobile` varchar(11) COLLATE utf8mb4_unicode_ci NOT NULL DEFAULT '' COMMENT '手机号',
  `user_level_id` int(10) NOT NULL DEFAULT '1' COMMENT '用户等级',
  `password` varchar(255) COLLATE utf8mb4_unicode_ci NOT NULL DEFAULT 'JDJ5JDEwJDF3RjJYYUx2SHdhYUVJeUh6UEhZU3VINHJHMHpmd0UydXVLZ0lYLjQ1VW9iQS94bkZDbm1x' COMMENT '密码',
  `status` tinyint(1) NOT NULL DEFAULT '1' COMMENT '是否Ativar',
  `description` text CHARACTER SET utf8 COMMENT '描述',
  `create_time` int(10) NOT NULL DEFAULT '0' COMMENT '创建时间',
  `update_time` int(10) NOT NULL DEFAULT '0' COMMENT '更新时间',
  `delete_time` int(10) NOT NULL DEFAULT '0' COMMENT '删除时间',
  PRIMARY KEY (`id`) USING BTREE
) ENGINE=InnoDB AUTO_INCREMENT=9 DEFAULT CHARSET=utf8mb4 COLLATE=utf8mb4_unicode_ci ROW_FORMAT=COMPACT COMMENT='tabela de usuários do sistema';

-- Copiando dados para a tabela p-med.user: ~4 rows (aproximadamente)
/*!40000 ALTER TABLE `user` DISABLE KEYS */;
INSERT INTO `user` (`id`, `avatar`, `username`, `nickname`, `mobile`, `user_level_id`, `password`, `status`, `description`, `create_time`, `update_time`, `delete_time`) VALUES
	(3, '/storage/attachment/xHqlsyh1PEgqBv7avfl7Cnesd9qKXZ8uAUiwoAvz.png', '小女孩', '小女孩', '18653165683', 4, 'JDJ5JDEwJHlaM2tXelMuRUxUVnIuZWNJVmZpY2VtZldRTzhDTk15bjJZVFl4azFQN0FoNnpqUjRYWk02', 0, NULL, 1587879871, 1596004985, 0),
	(4, '/static/uploads/attachment/05bdd082-3858-437e-a439-43c9a3c45280.jpg', '普通用户', '普通用户', '13638392923', 1, 'JDJ5JDEwJFBUaDhzaGNKcEtnaEUxVXI3RTJyNk9NdkhPV1Nxekt1QzZaR0pWT3dmdVFKc2RkcDU3OHVp', 1, '', 1587879871, 1604307570, 0),
	(7, '/static/uploads/attachment/aeed3011-8626-4c36-b232-0390edfa77a5.jpg', 'test888', 'test888', '13800000000', 4, 'JDJ5JDEwJG9ka09mQ0hBUFo0Ly5wTTJoVC9HZ096bWJ2MWs0TjFFTFljRlZkQlFoTlRTT3N0ZlZ6QW9t', 1, '', 1591256299, 1604307558, 0),
	(8, '/static/uploads/attachment/d79d90b9-9ddc-4109-921d-8e493ca03d61.png', 'rongyao', '荣耀01', '18588888877', 5, 'JDJhJDEwJGhRa2V2TXRNSzBVWjdUYUJUamdock9LeEVjdWkuUk9oeXM3S3VyRHhuYXdyZGIxQUZ6Nzl5', 1, '', 1604306078, 1604644553, 0);
/*!40000 ALTER TABLE `user` ENABLE KEYS */;

-- Copiando estrutura para tabela p-med.user_level
CREATE TABLE IF NOT EXISTS `user_level` (
  `id` int(11) NOT NULL AUTO_INCREMENT,
  `name` varchar(20) COLLATE utf8mb4_unicode_ci NOT NULL DEFAULT '' COMMENT '名称',
  `description` varchar(50) COLLATE utf8mb4_unicode_ci NOT NULL DEFAULT '' COMMENT '简介',
  `img` varchar(255) COLLATE utf8mb4_unicode_ci NOT NULL DEFAULT '/static/index/images/user_level_default.png' COMMENT '图片',
  `status` tinyint(1) NOT NULL DEFAULT '1' COMMENT '是否Ativar',
  `create_time` int(10) NOT NULL DEFAULT '0' COMMENT '创建时间',
  `update_time` int(10) NOT NULL DEFAULT '0' COMMENT '更新时间',
  `delete_time` int(10) NOT NULL DEFAULT '0' COMMENT '删除时间',
  PRIMARY KEY (`id`) USING BTREE
) ENGINE=InnoDB AUTO_INCREMENT=6 DEFAULT CHARSET=utf8mb4 COLLATE=utf8mb4_unicode_ci ROW_FORMAT=COMPACT COMMENT='nível do usuário';

-- Copiando dados para a tabela p-med.user_level: ~4 rows (aproximadamente)
/*!40000 ALTER TABLE `user_level` DISABLE KEYS */;
INSERT INTO `user_level` (`id`, `name`, `description`, `img`, `status`, `create_time`, `update_time`, `delete_time`) VALUES
	(1, 'Geral', 'Geral', '/storage/attachment/XhGoZETVDfZ7Mz04gDD1U8vvpQyIPmZYtVPgTyTg.png', 1, 1587879871, 1595491385, 0),
	(3, 'Prata', 'Prata', '/storage/attachment/lhCkRT7cN42sFYG2X24qbUC5mTgOwxBDK8w99w7X.png', 1, 1587879871, 1595491385, 0),
	(4, 'Ouro', 'Ouro', '/static/uploads/attachment/f3857879-e1a2-4fd3-91d7-31f7ac27cb93.png', 1, 1587879871, 1604046725, 0),
	(5, 'Admin', 'Admin', '/static/uploads/attachment/05446cad-e3a9-47e9-92cd-7a0a11867d50.jpg', 1, 0, 0, 0);
/*!40000 ALTER TABLE `user_level` ENABLE KEYS */;

/*!40101 SET SQL_MODE=IFNULL(@OLD_SQL_MODE, '') */;
/*!40014 SET FOREIGN_KEY_CHECKS=IFNULL(@OLD_FOREIGN_KEY_CHECKS, 1) */;
/*!40101 SET CHARACTER_SET_CLIENT=@OLD_CHARACTER_SET_CLIENT */;
/*!40111 SET SQL_NOTES=IFNULL(@OLD_SQL_NOTES, 1) */;
